-11,-10,-18,-17,-15,-16,1,1,-16,-9,-14,-12,-14,-12,-16,-15,1,-11,-11,-13,-12,-17,1,-11,-19,-11,1,-11,1,-12,-12,-10,-16,-19,-15,-14,-13,-10,-11,-17,-12,-12,1,-10,-14,1,1,-15,-19,-14,-12,-10,-12,1,-19,-17,-14,1,-9,-11,-14,-17,-13,-10,-16,-13,-12,-11,-12,-10,-14,-11,-14,-12,-18,-7,-17,-10,-13,-13,-11,-13,-10,-16,-15,-15,-17,-12,-16,-17,1,-13,1,-16,-11,1,-12,-14,-15,-9,-9,1,-17,-14,1,-11,-17,-20,-19,-13,-17,-13,1,1,-17,-9,-17,-17,-13,-10,-13,1,-14,-17,-13,-11,-17,-15,-16,1,1,-11,-21,1,-23,-11,-11,-11,-9,-12,-9,-12,-13,-15,-13,-8,-10,-11,-18,-15,-9,1,1,-15,-20,-15,-11,-11,-14,-9,-8,-14,-10,-16,-11,-12,-10,1,-10,-12,-12,-12,-15,-12,-13,-14,-12,-9,-11,-13,-12,-15,-12,-19,-12,-20,-11,-14,-11,-13,1,-12,-13,-10,1,-11,-10,-10,1,-14,1,-11,-15,1,-14,-12,1,1,-13,-14,-10,-13,-11,-8,-17,-12,-13,-11,-10,-18,-16,-14,-9,-13,-11,1,-14,-16,-21,-14,-18,1,-10,1,-22,-13,-18,1,-18,-12,1,-14,-16,1,1,-13,1,-11,1,-13,1,-14,1,-13,-19,1,-12,-14,-10,-12,-12,-11,1,-19,1,-11,1,-9,-13,-11,-11,-11,-16,-14,-15,-12,-17,-12,-15,-12,1,-10,-19,-8,-16,-10,1,-15,-14,-12,-15,1,1,-15,-13,-13,1,-15,-18,-13,-18,1,-13,-16,-17,-11,-13,-9,-16,-8,-17,-15,-16,-18,-9,-11,-18,-9,-16,-15,-11,-13,1,-12,1,-15,-13,-17,-16,-15,-17,-12,-14,-11,-11,-13,-11,-16,-10,-15,-11,1,-15,-7,-9,-13,-9,-12,-12,-17,-12,1,1,-18,-14,-14,-15,-9,1,1,1,-17,-14,-9,-16,-15,-12,-14,-16,-10,-10,-13,-13,-14,1,-14,-15,-14,-15,-18,-10,-10,-14,-12,-10,-12,-17,-11,-13,1,-9,-14,-15,-11,-7,-10,-12,-14,-12,1,-14,-11,-14,-16,-10,-13,-13,-13,-8,-11,-11,-12,-20,-11,-13,-20,-12,-16,-15,-11,1,-8,-14,-12,-13,-15,1,1,1,-13,-10,1,1,1,-12,1,-12,-16,-15,-10,1,-12,-22,1,-14,-10,-14,-14,-12,-18,-13,-13,-14,-9,-13,1,-12,-15,1,-12,-10,-13,-16,-17,-10,1,-11,-9,1,-19,1,-12,-11,-16,-12,-13,-18,-10,-11,-11,-17,-15,-9,-14,-13,1,-19,-10,-16,-16,-12,-10,-17,-12,-13,-18,1,-13,-12,1,-16,1,-18,-15,-11,-9,-13,-17,-13,-11,-12,1,1,-17,-10,-11,-14,1,-15,-10,-15,1,-12,-12,1,1,-11,-13,-12,-12,-14,-16,-13,1,-11,-9,1,-17,-13,-13,-17,-13,-12,-12,-12,-10,1,-12,-12,-15,1,-11,-15,-16,-14,-14,1,-14,-8,-16,-22,-13,1,-13,-23,1,-18,-16,-18,1,-12,-14,1,1,-12,1,-16,-10,-10,-18,1,1,-12,-12,-14,-14,-10,-17,-11,-13,-18,-11,1,-9,-14,-10,-12,-16,-9,1,-11,-10,1,-10,-13,-11,-10,1,-19,-15,1,-15,-8,-8,-15,-12,-14,-9,1,-17,1,-10,-9,-21,-13,-13,-12,1,-14,-10,-10,-14,-15,-13,-12,-14,-16,-10,-10,-11,-13,-9,-18,-12,-8,-10,-13,-15,-12,-14,-14,1,1,-11,-13,1,1,-13,-11,-9,-14,-16,-13,-17,1,-14,-15,-9,-7,1,-11,-14,-13,-10,-9,-17,-19,-16,-13,-12,1,1,-13,-11,-13,-12,-11,-14,-14,-11,-13,1,-12,-11,-17,-11,-13,1,-12,-13,1,-12,-11,-14,-11,-7,-9,-12,-11,-15,-19,-8,-13,-12,-14,-14,-13,-12,-12,-11,1,-6,-11,-13,-12,1,-13,1,-14,1,-14,-8,-20,-13,-11,-11,-16,1,-9,-13,-15,-16,-15,1,-15,-11,-12,1,-16,1,-14,1,-14,-17,-12,1,-11,-15,-13,1,-13,-14,-15,1,1,1,1,-9,-9,1,1,-13,-14,-12,-11,-15,-17,-11,1,-8,1,-9,-9,1,-12,-20,-20,-12,1,1,-14,-16,-18,-15,1,-16,1,-14,1,-7,1,1,-16,-12,-16,-14,-15,-6,-12,-15,-11,-20,-12,-9,-11,-16,1,1,-10,-14,-15,-12,-13,-14,1,1,-18,1,-17,-16,-14,-11,-11,-13,-9,-14,1,-9,1,-15,-13,-12,-15,1,-13,-14,-20,1,-10,-11,-11,-14,-15,1,-11,-10,-13,-13,-14,-17,-19,-9,-12,1,-11,-12,-14,-11,1,-8,-16,-11,-8,1,1,1,-13,-10,1,1,-10,-10,-13,1,-11,-12,-16,-12,-12,-8,-13,-10,-13,-12,1,-17,-15,-13,-12,-16,1,-11,-11,-13,1,-16,-12,-10,1,1,-11,1,1,-12,-20,-11,-17,-12,1,-12,1,-11,-14,-12,-13,-13,-13,1,-19,-13,-14,-13,-14,-13,-10,-17,-15,1,1,-11,-10,-19,-6,1,1,-11,-14,1,1,1,-14,1,-13,-11,-14,1,-11,-14,-18,-14,-14,-12,-7,-12,1,-17,-13,-13,-14,1,-11,1,-7,-13,1,-16,-9,1,1,-13,-13,-19,-13,-12,-12,-14,-11,-15,-20,1,-11,-9,-14,-10,-16,-13,1,-12,1,1
-13,-11,-8,-7,-11,-12,-11,1,-13,1,-11,1,-16,-17,-17,-10,-11,-9,-10,-13,-11,-13,-6,1,-17,-21,1,-12,-13,1,-10,-13,-9,-13,-11,-14,-14,1,1,-11,-16,-11,1,-13,-10,-15,1,1,-18,-11,-14,1,-12,1,-15,-15,-9,1,-19,-13,-10,-16,-10,1,-14,-11,-12,-9,-10,-14,-9,1,-12,-7,-10,-14,-17,-13,1,-13,1,-12,-12,1,1,1,-9,-9,-17,-17,-14,-17,-10,-14,-15,-14,-14,-9,-11,-10,-16,-21,-13,-15,-17,-10,-13,-15,-13,-12,-9,1,-17,1,1,-17,-11,1,1,-11,-13,-10,-11,-11,-10,1,-14,-14,1,-12,-15,-10,-12,-14,-11,-13,1,-15,-13,-13,1,-15,1,-11,-12,-10,-16,-15,-7,-12,-10,1,-11,-13,1,1,-11,-11,-17,1,-13,-10,-10,-15,-15,-8,-10,-14,-19,-11,-13,-14,-16,1,1,-8,-13,-9,-11,1,-15,-11,1,-17,-14,-11,1,-11,1,-16,1,-20,-13,-14,-18,-17,-11,1,-9,-12,-12,1,-11,-12,-9,-7,-18,-11,-13,-13,-11,-14,-16,-12,-15,-11,-12,-6,-7,-14,1,-12,-13,-13,-18,-18,1,-8,-13,-13,-11,-15,1,-13,-12,1,-8,-17,-18,-10,-10,-16,-9,-9,-12,-14,1,1,-11,-13,-13,-11,-15,-10,1,-11,-8,-12,-19,-11,1,-11,-13,-14,-7,-15,-11,-11,-10,-12,-14,-9,-11,-13,-11,-13,-10,-16,-14,-9,-11,-15,-12,1,-10,1,1,-11,-8,-18,1,-16,-16,-12,-13,-12,-16,-14,-14,-14,-16,1,-17,-12,-8,1,1,1,-17,-14,-12,-14,-12,-16,-7,1,-13,-12,-12,-11,-11,-9,1,-15,-12,1,-17,-10,-9,-14,-9,-8,-12,-12,-15,-13,1,-10,-17,-13,-16,-16,-9,-11,-12,-12,-10,1,-7,1,-12,-14,-16,-11,-13,-14,1,-11,1,-14,-21,-11,-14,-10,-6,1,-16,-11,-12,-11,-14,1,-10,1,1,-13,-14,-13,-17,1,-18,-11,-13,-11,1,-14,-18,-12,-9,1,-12,-10,-23,1,1,1,-14,-18,-13,-9,-17,-10,1,-12,-19,-11,-15,-13,-13,1,-18,-14,-13,-10,-10,-12,-17,-10,-17,-10,-12,-13,-10,-11,-8,1,-12,1,1,-15,-16,-12,-17,1,-12,-11,-15,1,-13,-16,-13,-15,-13,-12,1,-15,-12,-8,1,1,-17,1,1,-13,-13,-14,-11,-11,-14,-14,1,-11,1,-10,-10,1,-11,-14,1,-14,-15,-9,-16,-12,-17,-13,-13,-12,1,1,-10,-17,-15,-14,-9,1,-16,1,-12,-10,-13,-10,-12,-11,-11,-14,1,-16,-11,-20,-13,-21,1,-14,-14,-12,1,-11,-14,-18,-12,1,-12,-15,-12,-14,1,-13,-13,-13,-8,-15,1,-16,-10,-15,-9,-14,-15,-16,1,-12,-15,-16,-19,-10,-11,-12,-12,-15,-10,-13,1,-10,-10,-16,-13,-17,-11,1,-12,-12,1,-13,-14,-11,1,-11,-15,-12,-11,-14,-18,-11,-13,-11,-15,-10,-18,1,-16,-13,-12,-7,-14,-16,-7,-9,-9,-15,-11,-19,-11,-17,1,-17,-17,-15,1,-8,-17,-11,-12,-13,-9,-7,-13,-10,-11,1,1,-11,1,-18,-12,1,-13,1,-12,-10,1,-12,-13,-13,-12,-14,-10,-14,-14,-11,-19,-11,-11,-12,1,-17,-10,-11,1,-13,1,-14,-14,-9,-19,1,-9,-13,-6,-13,-12,-11,-11,-14,-10,-7,-11,1,-13,-12,1,1,-15,1,-12,-8,-12,-10,-13,-13,-13,-13,-11,-13,-13,-17,-10,-9,-10,-11,-13,-10,1,-11,-15,-14,-11,-17,-16,-10,-11,-11,-9,-10,-10,-8,-11,-14,-11,-10,-13,-13,-10,-12,1,-14,-14,-9,-12,-17,-14,1,-13,-15,-8,1,-17,-14,-11,-9,-13,1,-10,-16,-16,-17,-13,-8,-16,-15,-14,-17,-18,1,-14,-9,-12,-10,-13,-14,-12,-16,-10,1,-16,-9,-14,-18,-10,-13,1,-13,-15,-13,1,-8,-13,-18,-13,-11,-14,-14,1,-7,-20,1,1,1,-18,-10,-17,-9,-12,-8,-14,-11,-19,-15,-11,1,-12,1,1,-11,-12,-11,1,-15,1,-14,1,1,-11,-9,-11,1,-12,-11,-14,-19,-10,-17,-15,-15,1,-11,-18,-11,-12,-10,-12,-16,1,1,-13,-12,-14,-13,-13,1,-13,-9,-11,-14,-10,-10,-14,-16,-14,-7,-14,-10,1,1,-12,-15,-9,-13,1,1,-17,-10,1,-10,-12,1,-10,-15,1,-13,1,-19,-14,-10,-11,-13,1,-14,-13,-11,-9,-15,-12,1,-14,1,1,1,1,-12,-13,1,1,-13,1,-14,-14,1,-13,-7,-18,1,1,-13,-17,-15,-10,1,-21,1,-18,-15,-13,-16,1,-9,-10,-11,-14,-13,-16,-10,-12,1,1,-12,-19,1,1,-9,-11,-15,-16,-13,-16,-16,-12,-11,-16,-11,-13,-11,-14,-11,-12,-6,-14,-16,1,-15,-11,-11,-13,-11,-13,-13,-12,-15,-11,-12,-8,-17,1,-16,-10,1,-14,-18,-16,-11,-14,-20,1,-14,1,-10,-17,-12,1,-13,-16,-14,-9,-12,-12,-14,-17,-13,-12,1,-11,-16,1,-14,1,-15,1,1,-17,-10,-12,-12,1,-13,1,-12,1,1,-14,-17,1,1,-12,-10,-14,-12,1,1,-19,-17,-8,-10,-16,1,-13,-12,1,-16,-11,-12
-14,-11,1,-18,-16,-12,1,-12,1,-11,-15,-11,-16,1,-10,-11,1,-13,-18,-16,-11,1,-12,-11,-17,-15,-15,1,-14,1,-22,1,-12,1,1,-12,-10,-12,-14,1,-18,1,-13,-12,-13,1,1,-10,-11,-12,1,-13,-12,-12,-9,1,-12,-10,1,-12,-12,-12,-14,-11,-10,-11,-16,-9,-19,-13,-13,-16,1,-17,1,-14,-14,-12,-15,-18,-12,-17,-14,-15,-15,-11,-10,-14,-11,1,-15,-11,-12,-9,1,-15,-18,-11,-14,-14,-15,-19,-13,-15,-15,1,-21,1,-13,-12,-13,1,-8,-9,-13,-12,-7,-13,-11,1,1,-12,-14,-11,-11,1,-14,1,1,-14,-11,-10,1,-15,-17,-10,1,-14,-12,-9,1,-13,-11,-16,-12,-11,-16,-12,1,1,-12,-9,-7,1,-12,-11,-9,-15,-13,-12,1,-12,-16,1,-10,-15,-12,-8,1,-19,-13,1,1,-15,-12,-12,1,-12,-13,-14,-13,-12,-12,1,-21,-17,-12,1,-12,-12,-18,-10,-11,-8,-9,-9,-11,-8,-20,-8,-13,-12,1,-12,1,-11,1,-20,-19,-16,1,-17,-18,-12,-14,-14,-10,-15,-12,-10,1,-14,1,-15,-17,-7,-12,-12,1,-11,-12,1,-19,-12,-10,-15,-14,-13,-15,-12,-17,-17,-11,-9,-15,-11,1,-9,-11,-15,1,-11,-12,-13,-10,-14,-18,1,-9,-15,-12,1,1,-11,-12,-20,-13,-17,-12,-11,1,1,-18,-12,-16,-12,-14,-17,-11,-13,-11,-11,-11,-12,-14,-6,-11,-10,-12,-9,-13,-13,-11,-14,-13,-9,-12,-11,1,-11,-12,-12,-14,-10,-15,-12,-23,-12,-16,-12,-13,-18,1,-13,-10,-12,-17,-14,-15,1,-13,-17,-5,-19,1,-10,-12,-11,-11,-13,-17,-15,-11,-17,-14,1,-12,-20,-10,-17,-9,-15,-14,-10,-13,-12,-12,-19,-14,-12,-12,-12,-10,-15,-7,-16,-13,-17,-9,-10,1,-11,-12,-18,-12,-10,1,1,-17,1,1,-17,1,-14,-14,-13,-15,-14,-15,-12,1,-13,-13,-13,-11,1,-11,-13,-12,-11,-13,1,-9,-11,1,-9,-13,-13,1,-11,1,-12,1,-12,-12,1,-19,-16,-12,-10,1,-9,1,-20,1,-18,-10,-17,1,-10,-13,1,-14,1,-12,1,-8,1,1,-13,-12,1,1,-11,-10,-14,-11,-16,-10,-13,-18,-18,-13,-9,-13,-11,-10,-9,1,-9,-12,-9,-13,-10,-12,-12,-11,-11,-20,-13,-11,-12,-9,-7,-12,-13,-14,-17,1,1,-10,-12,-11,-10,-12,1,-17,-10,-13,-10,-13,1,-10,-14,1,-16,-9,-9,-13,-10,-16,-10,-12,-14,1,-12,1,-10,-12,-10,1,-13,1,-17,1,1,1,-21,-13,1,-16,1,-22,-16,-7,-8,-13,-14,1,-17,-17,-9,-16,-12,-14,1,-12,-18,-13,1,-13,-18,-12,-11,-13,-15,-13,-11,1,-13,-14,-9,-17,-14,1,1,-18,-10,-13,-14,1,-10,-14,-13,-15,-11,-15,-11,1,-17,1,1,-13,-16,-12,1,-12,-12,-16,-10,1,-9,-11,-8,-17,-12,-12,-13,-6,-17,1,1,-12,-14,1,1,-12,-7,-15,-11,-15,-12,-10,-13,-14,-14,-10,1,-13,-12,-13,1,-8,-10,-10,-12,-11,-11,-16,-13,1,-11,-8,-11,-12,-17,-15,-13,-13,-17,1,-18,-14,-11,-9,1,-10,1,-10,1,1,-15,-10,-18,-12,-15,1,1,-12,-13,-11,1,-12,-13,-9,-15,-17,-18,-13,-10,-10,-12,-12,-9,1,-11,-11,-13,-11,-13,-17,-12,-15,1,-15,1,-11,-9,-12,-16,-12,-10,-19,-15,1,-8,-11,-11,-10,-15,-11,-12,-16,-10,-11,-13,-8,-18,-13,-13,-13,-15,-12,-10,-10,-13,-7,-13,-13,-6,-12,-15,-14,-10,-11,-12,-12,1,-17,-13,-14,-12,1,-17,-12,-15,1,-13,-14,-11,1,-19,-17,1,-8,1,1,-11,1,1,-13,-16,-14,-16,-17,-15,-12,1,-12,-15,-12,-11,1,-12,-15,-17,-15,-11,-16,-12,-16,-12,-15,-12,-14,-10,-14,-10,1,-16,-14,-13,-14,1,-15,-6,-16,-12,-13,-12,-13,1,-15,-11,-12,-12,1,-11,-15,-14,-13,-10,-14,1,1,1,-13,1,-13,1,-12,-12,-21,-14,-9,-15,-12,-15,-15,-11,-12,-10,-11,-12,-16,-13,-11,-10,-19,-18,-17,-11,-13,-10,1,1,-10,-13,-12,-9,1,-13,-9,1,-10,-17,-17,-14,-17,-18,-6,-13,1,-19,-11,-21,-12,-14,1,-12,-11,1,1,-9,-15,-11,1,-14,-8,-10,-14,-9,-8,-11,-11,-13,-15,-16,-14,-14,-12,-21,-12,-13,-14,-10,1,-12,-11,-12,1,-15,-14,1,-12,-12,-15,-11,-14,1,-11,-10,-11,-13,-17,1,1,-11,-10,-8,-14,-12,-8,1,1,1,-14,-16,-16,-11,-16,-12,-11,-16,1,-18,-14,1,1,-12,-9,-9,-16,-15,-11,-9,-15,-12,-13,-9,-17,-14,-14,1,-11,1,1,-8,-16,-13,-15,-11,-15,-11,-9,-9,-10,-15,-16,-15,-8,-14,1,-12,-13,-12,-13,-11,-15,-11,1,-12,-14,-12,-11,-15,-9,-8,1,-17,-12,1,-12,-11,-10,-11,-12,-8,-16,-15,-11,-14,1,-9,1,-10,-12,-12,-12,-16,-12,-12,-12,-14,-10,1,-12,-15,1,-10,-14,-11,1,-11,-10,1,-10,-11,1,1
-13,1,-16,1,-11,1,-10,-11,-13,-15,1,-8,1,-11,-12,-11,-14,-16,-12,-14,-13,-11,-17,1,-10,-19,-16,1,-15,-12,-17,-9,-17,-13,-15,-15,-12,-8,-16,-13,-15,-15,-11,-12,-12,-15,1,-13,-17,-10,-15,-10,-11,-15,-10,-12,-12,-11,1,1,-12,-11,1,-18,-10,-10,1,-18,-16,-16,-12,-8,-13,-10,-9,-13,1,-13,1,-20,-12,-11,-15,-14,-18,-12,-15,-13,-6,-14,-12,-11,-9,1,-14,1,-9,-18,-11,-11,-9,-14,1,-14,-12,-14,-10,-17,-15,-8,-12,1,-11,-14,1,-14,-17,1,-12,-12,-9,-14,-16,-10,-11,-11,-15,-16,-11,1,-18,-11,-10,-12,-10,-9,-14,-12,-13,-11,-11,-13,-15,-16,-12,-10,-10,-13,-14,-12,-16,-11,1,-11,1,-11,-15,-12,-15,1,1,1,-12,-14,-18,-11,-14,-10,-11,-9,-11,-14,1,-12,-20,1,-13,-16,-14,-17,-15,-12,1,-13,-9,-12,1,-11,1,-11,-12,-11,-12,1,-12,-11,-11,-14,-16,1,-12,1,1,1,-13,1,-11,-12,-10,-23,-8,-17,-21,-7,-11,-12,-9,-14,-15,-13,1,-9,-9,-10,-12,1,-10,-14,-19,-13,-9,-12,-12,-10,-12,-12,-10,-13,-12,-16,-10,1,-12,-20,-15,-16,1,1,-9,1,1,-13,-13,1,-12,-13,-11,-13,-12,-16,1,-12,-16,-13,1,-11,-16,-15,1,-19,1,1,-10,-10,1,1,-10,-12,-19,-8,-18,-13,-21,-11,1,-9,-15,-13,1,-14,1,-18,-10,-12,-16,-12,-12,-18,1,-13,-12,1,-11,-13,-14,-9,1,1,-8,-14,1,1,-17,-12,-7,-9,1,-17,1,-11,1,-18,1,-6,-13,-16,-12,-21,-16,-9,-12,-11,-9,-11,-5,-12,-10,-11,-11,-10,-17,-14,-14,-19,-12,-19,-13,-11,-12,-16,-16,-11,-21,-10,-13,1,-13,-15,-9,-18,-14,-12,-15,1,-16,-14,1,-13,-18,-16,-10,-15,-15,-11,-16,1,-13,-11,1,1,-17,-11,1,-9,-11,-11,-11,-13,-12,1,-12,-12,-12,-16,1,-10,-14,-11,-12,-16,-11,-11,1,-10,-10,-10,1,1,1,-12,-14,-15,-13,-11,1,-17,-14,-16,-12,1,-13,-9,-12,-20,1,-11,-13,-17,-14,-11,-12,-12,-12,-13,-10,-11,-12,-15,-15,-18,-11,1,-16,-15,1,1,-10,-18,-14,-11,-9,-16,-12,1,-11,-13,-18,-17,-12,-12,-13,-17,-13,-10,-12,-13,-15,-10,-10,1,1,-15,-10,-12,-11,-10,-12,-18,-16,-14,-13,1,-19,-12,-14,1,1,1,-11,-14,-12,-14,-12,-10,-11,-14,1,-12,-17,-12,-10,-17,-16,-12,1,-13,-13,-9,-11,-18,-10,-8,-12,-6,-12,-11,1,-10,1,1,-14,1,-15,-15,-12,-14,-9,-11,-14,-15,1,-11,-7,-15,-16,-18,-12,-20,1,-14,-12,-15,-11,-12,1,-10,-16,1,1,-15,1,1,-10,1,-17,-15,-13,-12,-12,-10,-15,-7,-11,-14,1,-13,1,-12,-10,1,-12,1,-11,-16,-13,1,-12,-20,-11,-10,-16,-15,-9,1,-11,1,1,-8,-12,-17,-17,-9,-13,-16,1,-11,-12,1,-13,-16,-11,-16,1,1,1,-11,-10,1,-10,-12,-16,1,-18,-14,1,-9,-16,-14,-17,-14,-12,-13,-12,1,-11,-11,-11,-13,-13,-15,-13,-15,-11,-14,1,1,-12,-9,1,-8,-15,1,1,1,-7,1,-14,-14,-15,-11,-14,1,-15,-13,-10,-14,-11,-14,-9,-13,-10,-15,-19,-11,-14,-16,-14,-12,-9,-16,-19,-11,-15,-13,-21,-17,-12,-12,-14,-11,-10,-9,1,-14,-11,1,-9,-10,-14,-16,-11,1,-16,-15,-8,-12,-14,-15,-15,-16,-14,-18,-18,1,-16,1,1,-14,1,-13,-16,-12,-13,-11,-13,-12,-9,-13,-11,-16,1,-15,-14,1,-11,-9,-16,-13,-9,-17,-14,-18,-11,-15,-14,1,1,-9,-11,-13,1,-13,-14,-16,-22,-18,-14,-10,-10,-11,-12,-13,-17,-11,-15,-14,-14,-12,-12,-9,-10,-14,1,-14,-16,-14,-13,-17,-18,-13,-12,-13,-12,-13,-11,-16,-9,-15,-12,-14,-11,-12,-16,-14,-17,-13,1,-14,-12,-11,-12,-12,1,-13,-8,-11,-16,-18,1,-14,-9,-12,-16,-11,-16,-18,-11,-10,-11,-11,-12,-11,-11,-9,-12,-9,-10,1,1,-12,-14,-13,-10,-14,-10,-8,-11,-17,-11,1,-12,-13,1,-16,-15,-15,1,-10,-7,-11,-11,-13,-11,1,-9,-12,-15,-18,-14,-12,-13,1,-11,-12,1,-10,-17,-15,1,-12,-12,-11,-12,-15,-10,-15,1,-10,-13,-12,1,-20,-17,-13,-9,-13,1,-17,1,1,-19,1,-17,-13,-18,-16,-12,-17,1,-13,-9,-17,-10,-11,-14,-19,-12,-14,-14,1,-13,1,1,-13,-16,-10,-16,-12,-14,-12,1,-10,-11,-9,-12,-13,-12,-14,-13,-9,-14,-8,-12,-13,-11,-7,1,-11,-11,-15,-12,-16,1,-12,-14,-5,1,-12,1,1,-13,-10,1,-13,-15,-10,-17,-15,-18,1,1,-16,-18,-14,-13,1,-13,-13,-11,-9,-11,1,-11,-10,1,-10,-13,-19,1,-11,-12,-11,-12,-5,-14,-11,-19,-16,1,1,-14,-12,-13,-12,-12,-12,-13,-15,-12,-12,1,-16,-13,-10,-15,1,-15,-11,-8,-14
-11,-11,-16,1,-8,-12,-12,-12,1,-13,-12,1,-19,-15,1,-9,-12,-11,-15,1,1,-14,-17,-17,1,-19,-12,-13,-11,-15,-17,-9,-16,-10,-11,1,-11,-11,-11,-13,-6,-13,-9,-9,-13,-12,-10,-6,-9,-15,1,-12,-11,1,1,1,-9,-13,-11,-10,-12,1,-11,1,-12,-8,-14,-10,-12,-13,1,-14,1,-9,-11,-11,-12,-11,-8,1,-14,1,-12,-15,1,-12,-12,-17,1,-10,-16,-10,1,-11,1,-13,-12,-11,-10,-17,-16,-10,-12,-10,1,-17,-10,-12,-12,-9,-15,1,1,1,-12,-15,1,-13,-19,1,-15,-11,-17,-12,-13,1,-14,1,-13,-9,-12,-15,1,1,-7,1,-19,1,1,-13,-12,-11,-13,1,-11,-17,-11,-8,-14,-20,-18,-12,1,-15,-11,-15,-17,-18,1,-11,-13,-12,-17,-13,1,-11,1,1,-11,-17,1,-12,1,1,-11,-15,1,-13,-16,-10,-13,-16,1,-15,-12,-17,1,1,1,-15,1,-22,1,-12,-13,-12,-9,-10,-13,-18,1,-14,-10,-15,1,-11,-13,-14,-11,-17,-12,-12,-7,-11,-18,-14,-14,-12,1,1,-16,1,1,1,-11,-10,-15,1,-12,-17,-13,-11,-13,1,-12,-15,-15,-14,1,-11,-14,-17,-9,-10,-13,-13,-10,-13,-18,-18,-9,1,-10,-12,-12,-9,-14,-11,-15,-15,1,-10,-11,-16,1,1,1,-11,-13,-13,-14,-10,-13,-9,-11,-16,-16,-12,-12,1,1,-11,-13,-10,1,-10,1,-12,1,-11,-11,-9,-16,-12,-19,-22,-16,-13,-19,-14,-6,-14,-15,-21,-13,-19,-10,-14,-14,-14,-14,-11,-14,-11,-13,-17,-15,-13,-13,-18,-9,-14,-7,-8,-13,-10,-13,1,-13,-12,-16,-10,-16,-13,-15,1,-12,-10,-17,1,-10,-11,-12,-14,1,-10,-10,1,-20,-12,-18,-7,-10,-14,1,-11,-13,-12,-15,-16,-11,-10,1,-14,-14,-11,1,1,-10,-9,-12,-11,-11,-17,1,-11,-16,-10,-20,-10,1,-13,-17,-18,-10,-10,-18,-13,-16,1,1,1,-12,1,-14,-14,-9,1,-10,-13,-14,-9,-10,-15,-12,-16,-13,1,-22,-13,-13,-15,-7,1,1,-11,1,-20,-11,1,-12,-13,-12,-16,-14,-12,-16,-14,-8,-22,1,-17,-14,1,-12,-10,-16,-10,-17,-12,-14,1,-14,-15,1,-16,-12,-17,-15,-9,-10,-12,-10,-11,-11,-15,-13,-9,-15,-12,1,-14,1,-14,-14,1,-11,-10,-9,-6,-11,1,-12,-16,-13,1,-13,-15,-10,-10,-9,1,-17,-12,-20,1,-11,-15,1,1,-13,-8,1,-12,-11,-8,1,-11,-15,-12,-13,1,-11,-13,-14,1,-22,-12,1,-15,1,-15,-13,-10,-14,1,-14,-15,-9,-17,-9,-11,-11,-11,-6,-13,-18,1,-14,1,-17,1,-11,1,-15,-13,-15,-16,-16,-8,-16,-12,1,-12,-12,-13,-13,-12,-14,-15,-12,-14,-12,-15,-13,-11,-13,-12,-11,-17,-7,-18,-8,-9,-17,-14,-20,-9,1,-10,-11,-12,-14,-11,1,-18,-12,-15,-12,1,-19,-9,-20,-6,-13,-13,-8,-14,-11,-15,-18,-14,-15,-9,1,-13,-13,-13,-13,1,-12,-9,-14,1,-17,-11,-9,1,-11,-15,-11,-12,-12,1,-17,-17,-10,-11,1,-18,1,-16,-9,-14,-11,-11,-13,-23,-13,-14,-9,-16,-11,-15,1,-17,-12,-12,-23,-10,1,-12,-9,-17,-17,1,-9,-10,-14,-14,-12,-11,1,-8,1,-11,1,-10,-9,-13,-10,-11,-13,-8,-10,-13,-20,-16,-11,1,-8,-17,-12,-12,-14,-12,-12,-9,-16,-13,-11,-12,-11,-15,-12,-11,-14,-13,-13,-14,1,1,-9,-16,-15,-11,-8,1,-10,-17,-15,-13,-16,-15,-16,1,-11,-10,-9,-7,-11,-8,-12,1,-13,-16,-12,-17,-12,-8,-12,1,-14,1,1,-16,1,-12,-16,-10,-13,-7,-13,-11,1,-12,-10,-15,-19,-14,1,-12,-10,-13,1,1,-13,-13,-12,-18,1,-12,-11,1,1,1,-9,1,-9,-10,1,-13,-13,-8,1,-13,-9,-14,-14,-12,-9,-11,-12,-11,1,-10,-8,-12,1,-13,-7,-15,-12,-13,-13,-11,-11,1,-11,-19,-18,-11,-15,-13,-9,-12,-12,-11,-8,1,-16,-12,-9,-11,-13,-9,-11,-14,-8,-10,1,-19,-11,-15,-13,-11,-17,-14,-13,1,-13,-11,-12,-17,-13,-7,1,-9,-20,-21,-13,-15,-14,-14,-13,-17,-15,-11,-14,-9,-10,-12,-15,-15,-8,-12,-14,-17,-18,-11,-13,-13,1,-16,-12,1,-13,-9,-12,-15,-12,-12,-7,-11,1,-21,1,-13,-14,-18,-9,-13,-12,-12,-10,-12,-8,1,-14,-12,-16,-11,-17,-14,-15,-14,-12,-8,-10,-15,-9,-17,-10,-17,-10,-13,-16,-7,-11,-15,-12,1,-9,1,-15,-12,1,-17,1,-10,-13,1,-16,-14,-15,-13,-13,-15,-11,-10,1,-12,-14,-13,-13,1,-12,-10,-15,1,-12,1,-13,-13,-13,-14,-12,-18,-10,-18,-14,-9,-10,-12,-12,-7,-9,-10,-12,-14,-9,-8,-16,-14,-15,-12,1,1,-12,-17,-13,-12,-13,-14,-11,-15,-13,-12,-10,1,-12,1,-12,1,-17,-15,1,1,-9,-11,1,-9,-11,-22,-9,1,-14,-13,-12,-13,1,-12,-12,-13,-14,-13,-11,-11,1,-10
-16,-12,-12,-12,1,-15,-14,-12,1,-13,-10,1,-16,-14,-11,-14,-14,1,-13,-12,-13,1,-15,-12,-12,-12,-11,-15,-18,1,-11,-16,-11,-19,-14,1,1,-15,1,-10,-13,-9,-10,-10,1,-10,-10,-11,-12,1,-10,-11,-15,-12,-11,-16,-12,-15,-14,-10,-17,-11,-14,-20,-11,1,-11,-11,-16,-9,-15,1,-13,-10,-11,-15,-13,1,-12,1,-12,-17,-18,-19,-11,-10,-25,-14,1,-11,-14,-11,-12,1,-13,-18,-18,-13,-9,-17,1,1,-9,-8,-13,-15,-13,-11,-18,-7,1,1,-16,1,-12,-12,-14,-15,-11,-12,-13,-14,-14,-13,-18,-14,1,-11,-15,1,-12,-14,1,-14,-14,-19,-10,-15,-11,-13,-16,1,-9,-11,-11,-12,-11,-12,-10,-13,-10,-10,-12,-11,1,-13,1,-16,-11,-17,1,-9,-12,-11,-17,-12,-19,1,-13,-13,-9,-16,-16,-12,-12,-12,-16,-13,-10,-11,1,1,-8,-11,-11,-15,-14,-12,-17,1,-12,-18,-12,1,-11,1,-9,-13,1,-12,1,-15,-15,-10,-8,-14,-12,-15,-19,-14,-17,-11,-11,1,-9,-19,-12,1,-13,-15,-17,-19,-12,-17,1,-12,1,-19,-13,-15,-17,-10,-13,1,-12,1,-11,-12,-11,-14,1,-13,-12,-13,-16,-7,1,-14,-12,-20,-13,-10,-12,-12,-11,-9,1,-17,-14,1,-13,-13,1,-8,1,-15,-13,-15,-10,-9,1,-11,-16,-15,-16,-13,-15,-10,-19,-11,1,-12,-8,1,-12,-10,-14,-12,-9,-11,-14,1,1,-11,-13,-13,-15,-13,-11,-10,1,1,-15,-13,-15,-18,-16,1,-13,-14,-8,-13,-14,-13,-9,-14,-13,-9,-13,-12,1,-11,-11,-17,-12,-14,-14,-13,1,-9,1,-15,-17,-11,-14,-14,-15,-19,-17,1,-8,1,-10,-15,1,-11,-16,-11,-13,-9,-9,1,1,-15,-12,-11,-15,-12,-17,-16,-13,-13,-13,1,-13,1,-14,-13,-12,-10,1,-10,-10,-14,-9,-15,1,-12,-11,1,-15,-13,1,-10,-15,-12,-8,-11,-12,1,1,-8,-16,-12,-15,-16,1,-11,-10,1,-16,-14,1,-11,1,-7,-13,1,-9,-12,1,-19,-12,-11,-16,-15,1,-12,1,1,-14,-12,-21,-14,-12,-10,-11,-14,-10,-15,-12,-12,-17,-9,-12,1,1,-16,-10,-17,1,-11,-10,1,-10,-20,-12,-10,-13,-12,1,-20,-12,-14,-17,-13,-10,-14,-9,-15,-13,-11,-11,-17,1,1,-9,-10,-7,-10,-14,-12,-12,-14,1,1,-13,-10,-11,-8,-11,-10,-8,1,-16,-17,-13,-13,-10,-11,-12,-11,-11,-12,-13,-11,1,-14,-14,1,-13,1,-15,-13,-16,-14,-10,-11,1,-10,-10,-12,1,1,-14,-12,-18,-11,-8,1,-14,-10,1,-14,-14,-11,-15,-11,-13,1,-11,1,1,-13,-17,-12,-12,-13,-19,-13,-7,1,-12,-13,-12,-15,-12,-7,-17,1,-17,-10,-15,-12,-5,-13,-19,-12,-15,-15,-13,-11,-18,-11,-16,-12,-18,1,1,-12,1,-9,-12,-17,-13,-12,-15,-10,-9,1,-13,-12,-17,-13,-13,-14,-13,-13,-12,-13,-12,1,1,-10,-9,-15,-10,-14,-10,-15,-9,-11,-10,1,-9,1,-14,-15,-16,-15,-11,-10,1,-11,-9,-12,-19,-12,-13,-10,-11,-12,-15,1,-16,-12,-11,-12,-12,-11,-11,-10,-7,1,-15,1,-12,-11,-11,-16,-19,-13,-11,-14,-12,-19,-12,-11,-13,1,-15,-10,1,1,-11,-10,1,-13,1,-11,-13,-13,1,1,-17,1,-9,1,-15,1,-7,-10,-15,-11,-10,1,-11,-10,1,1,-16,1,-12,-12,-12,-16,-9,-11,-13,-19,-10,-6,1,-14,1,1,-17,-12,-16,-15,-10,-13,-11,-12,-14,-14,-12,1,-14,-13,-11,-9,-15,-12,1,1,1,-13,-14,1,-17,-12,-13,1,-12,-12,1,1,1,-20,-13,1,-14,-12,1,-12,-14,-10,1,-8,1,-10,1,-14,-17,-11,-13,-12,-15,1,1,-11,-12,1,-10,-14,1,-17,1,-10,-15,1,-20,-15,-16,-11,-10,-12,1,-13,-9,-11,-12,1,-20,-9,-9,-11,-13,-14,-12,-15,-9,-16,-14,-11,-9,-12,-10,-13,-7,-16,-13,-15,-15,-14,1,-11,-14,-12,-12,-13,-20,-11,1,-12,-10,-13,-12,1,-16,-10,-11,-16,-11,-9,-10,-14,-13,-12,-11,-12,-14,-11,1,1,1,-12,-16,-10,1,-16,-11,1,-14,-13,-25,1,-11,-9,-10,-15,-13,-16,1,-13,-18,-12,1,-15,-10,-13,-17,-15,-9,1,-13,-12,-14,-10,1,-16,1,-11,-12,1,1,-14,-8,-10,-13,-9,-18,-12,-10,-9,-17,-12,-20,1,-12,1,-13,-13,-17,-13,-16,-15,1,-11,-10,-18,1,-11,-14,-11,-12,-9,-14,-15,-12,-12,-10,-10,-13,1,-12,1,1,-11,-11,-13,-13,-14,-11,1,1,1,-18,-13,-17,-11,-12,1,-14,-14,-17,-14,-19,-10,-12,-12,1,-10,-16,-12,-13,-15,-8,1,-7,1,-10,-16,-11,-12,1,-11,-12,-18,-14,1,1,-14,1,-18,-10,-8,1,-14,-14,-11,-12,1,-14,-14,-15,1,-12,-15,-16,-11,-10,-14,1,-17,-16,-11,-17,-18,1,-13,-12,-10,-12,-15,-11,-12,1,-17,-14,-13,1,-11,-17,1,-10,-10,-8,-11
-14,1,-15,-12,-10,-13,-19,-11,-12,1,-17,-18,1,-11,-12,-12,-12,1,1,-13,-18,-12,-11,-11,-19,1,-9,-16,1,1,-12,1,-8,1,-13,-11,1,-15,-20,-15,-11,-15,-7,-15,1,-14,-13,-6,-13,-12,1,1,-18,-13,-13,-16,-9,-14,-8,-19,1,-17,-14,-14,-9,-12,-16,-15,-14,-12,1,-10,1,1,-14,-9,-17,-15,1,1,-13,-13,1,-13,-16,-9,-11,1,-11,-19,-11,1,1,-13,-17,-14,-14,-15,1,-15,-9,-8,-16,-18,-16,-17,-11,1,-14,-13,-11,1,1,-12,-17,1,-13,-18,-13,1,-11,-18,-15,-9,-9,-13,-16,-11,-9,-13,-14,-11,1,-19,-15,-13,-15,1,-15,-10,-19,-13,1,-14,1,-16,1,-13,-9,1,-17,-14,-16,-12,-17,-11,-17,-11,-9,1,-11,-16,-10,-12,1,-10,1,1,1,-14,-10,-11,1,1,-17,-9,-11,1,-11,1,-16,-8,1,-14,1,-10,-15,1,-14,1,-10,-14,-12,-14,-10,1,-17,-12,-16,-11,-17,1,-17,-14,-13,-13,-14,-16,-11,-10,-16,-10,-10,1,-10,-11,-10,-15,-13,-7,-17,1,1,1,-16,1,-13,-10,1,-11,-16,-11,-14,-9,-10,1,-11,-10,1,-14,-6,-14,1,-13,-12,-18,-16,-13,-13,-16,-12,-12,-11,-13,-12,-14,1,-14,-11,-15,-12,-13,-14,-15,-19,-9,-12,-11,-13,1,-15,-12,-11,1,1,1,1,-13,1,1,1,-11,-12,-9,-11,-7,-8,-14,-14,-10,1,1,-13,-19,1,-15,1,-9,-9,-10,-11,-14,-14,-16,-8,-13,-17,-10,-13,-16,-12,-9,-17,-9,1,-11,-12,1,-14,-9,-11,1,1,1,-19,-13,1,-10,-15,-17,-13,-17,-19,-11,-15,-15,-16,-13,-10,-16,-15,1,1,-12,-15,1,-17,-16,-22,-12,-12,-14,-11,-18,-13,-15,-9,-16,-18,1,-12,-12,-16,-8,-10,1,-8,-12,-24,1,-6,-22,1,-18,-13,-13,-11,-11,-13,-11,1,-13,-11,-11,-10,-18,-16,-14,1,-11,-17,-11,-9,-13,1,1,-15,-13,-10,-13,-17,-15,-12,-12,-9,-12,-11,-10,-13,1,-13,-12,-9,-11,-12,-11,-10,1,-13,-11,-12,-13,-11,-13,-13,1,1,-14,1,-10,-8,-20,-12,-13,-10,1,-19,1,-12,-14,-11,-13,-16,1,-9,-8,1,-12,-12,-14,-13,1,-15,1,1,1,-12,-14,-11,-17,-11,-9,-15,-13,-16,1,1,-13,-10,-13,-14,-17,1,-12,-13,-10,-12,-11,1,-9,-13,-13,-15,-16,-10,-12,-14,1,-13,-17,-9,-13,1,1,-19,-11,-12,-14,-10,-14,-12,1,-14,1,-11,-15,-8,-15,-9,-10,-13,-12,-13,-11,-13,-14,-10,-12,-13,-15,1,-10,-14,-17,-14,-12,-14,-9,-11,1,-13,1,-13,-15,-13,-14,1,-16,-11,-13,1,-11,-14,-12,-11,-11,-12,-8,-14,1,-11,-11,-13,-11,-13,-11,1,1,-13,-9,1,-13,-9,1,1,-14,1,-11,1,-12,1,-15,1,-13,-14,-13,-16,-11,-13,1,-11,-11,1,-11,-12,-13,-17,1,-11,-12,-17,-14,-9,-10,-14,-10,-11,-12,-12,1,-12,-12,1,-19,-12,-18,-11,1,-12,1,-9,-13,-11,-14,-17,-12,-8,-12,-13,-11,-19,-13,-12,1,-10,-14,1,-13,-11,1,-12,-13,-11,-15,1,-16,-14,-13,1,-10,-6,1,1,-12,-13,-12,-10,-13,1,-12,-5,-18,-11,-12,-14,-15,1,-13,-8,-14,-16,-12,-13,-11,-11,-9,-12,-11,-18,-13,-18,-10,-11,-12,-12,-13,-11,-14,-13,-12,-13,1,-16,-16,-15,-14,-13,1,-10,-10,-20,-13,-10,1,-13,-7,-10,-17,-10,1,1,-12,-12,-14,-7,1,-11,-10,-10,-13,-15,-13,-14,-13,-12,-9,-11,-12,1,-9,-11,-9,-12,1,-15,-10,-13,-11,-15,-11,-18,-12,-9,1,-15,-12,-15,-11,-10,-13,-13,-10,-18,-11,1,1,-12,-20,1,1,-13,1,-14,-9,-13,-11,1,-12,-14,-15,-10,-9,-12,-15,-15,-11,-9,-14,-14,-19,1,-13,-8,-9,-8,-15,-12,-16,1,-11,-10,-9,-10,-11,-15,-8,-9,-14,-13,-12,-11,-9,1,1,-10,-12,-9,-12,-18,-11,-21,1,-9,-13,-10,1,-11,-16,1,1,-10,-11,-13,-11,-18,-12,-14,-9,-14,-19,-13,-13,-12,-14,-11,-9,-11,-13,-10,1,-18,-13,1,-10,-10,-14,-14,-12,-11,-13,-11,-10,-17,-12,-14,-10,-16,-14,-21,-13,-15,1,-15,1,1,-8,1,-14,-15,-13,1,-14,-16,-13,-8,-9,1,-16,-10,-6,-11,-10,-12,-8,-11,-13,-9,-19,-14,-12,-11,-11,-10,-9,1,1,-8,-12,-17,-13,-6,-10,-24,-14,-13,-9,-14,-15,-11,-13,-13,-10,-13,-8,-15,-15,1,-8,-9,-13,-11,-15,1,1,-12,1,-11,-16,-12,-10,1,-9,-8,-11,-9,1,-15,-12,-16,1,1,1,-17,-15,-12,-14,-11,-15,-11,-15,-11,1,-13,-11,-13,-10,-11,-13,1,-15,-12,-19,1,1,-12,-11,1,1,1,-16,-11,-12,-12,-14,-14,-11,1,-15,-7,-10,1,-9,1,-11,-8,-10,-9,-11,1,-9,-13,-18,1,-17,-16,-13,-12,-12,-14,1,-15,-11,-14,-10,-18,-16,-13,-10,-15,-10
-12,-11,-7,-13,-11,-13,-11,-12,1,-14,1,1,-13,-14,-15,-12,-10,1,-13,-10,-10,-7,1,1,-11,-12,-17,-13,-15,-15,1,-10,-12,-18,-12,-11,1,-9,-17,-10,-15,-10,-11,-11,-13,-9,-12,-12,-9,-15,1,-10,-19,1,1,-13,-10,1,-14,-19,-13,1,-14,-9,-12,-12,-15,-10,-16,-14,1,-12,1,-15,1,-18,-7,1,-13,-14,-14,-12,-15,-12,-11,-13,1,-13,-13,-12,1,-14,-13,-12,-12,-14,-18,-6,-10,1,-19,1,-16,-18,-14,-15,-17,-12,1,-16,-11,-13,-11,1,-9,-14,-10,-10,1,-11,-14,-13,-11,-11,-11,-13,-12,-14,1,1,-13,-10,-12,-9,-18,1,-14,1,-13,-12,-13,-12,1,-17,1,1,-16,1,-11,-13,-10,-14,-11,1,-13,1,-10,-17,-9,-21,1,-10,-14,-10,-14,-16,1,1,1,1,-8,-9,-9,-11,1,-4,-8,1,-13,-15,-18,-16,1,-16,-10,-11,-14,-17,1,-11,-17,-9,-11,-12,1,-14,-11,1,-12,1,-10,-11,1,-10,-12,1,-13,1,-15,-6,-11,-13,-8,-11,1,-11,1,-8,-14,-16,-19,-10,-12,-13,-13,1,1,-13,-14,-12,-19,-11,1,-14,-5,-12,1,1,-14,-17,-10,1,1,-14,-10,1,1,1,-9,-13,-15,-21,-17,-11,-12,-11,-18,-10,-11,1,1,-13,-15,1,1,-16,1,1,-14,-9,-16,1,-13,1,-14,1,-11,-13,-12,-9,-13,-11,-8,-15,-12,-10,-11,-14,-8,-12,-13,-7,-10,1,-12,1,-17,-17,-9,-15,1,-11,-9,-12,-11,-11,-17,-15,-18,1,-13,1,-9,-14,-16,-10,-11,1,-12,-12,-15,-10,-10,-17,-12,-13,-13,-15,-15,-14,-10,-11,-15,-13,-16,-18,-15,1,-12,-14,1,-17,-10,-13,-9,1,-12,1,-23,-20,-19,-12,-14,-18,-15,-8,-17,1,-11,1,-10,1,1,-14,-13,1,-18,-15,-13,-12,-13,-15,-10,1,1,-15,1,-10,-13,-13,-15,1,-12,-10,-15,-12,1,1,-13,-13,-11,-14,1,-14,-12,-15,-14,-17,-17,-10,1,1,-11,-14,1,-15,-11,1,1,-10,-8,-14,-11,-17,-16,-9,-13,1,-12,-15,-11,1,-12,-11,-12,1,-14,1,-13,1,1,-12,-11,-10,-12,-11,-12,-20,-15,-10,-16,-17,1,-10,1,-10,-15,-10,-11,1,-16,-15,-13,1,1,1,-11,-11,1,-12,-13,-13,-11,1,-13,1,-9,-19,-14,-13,-11,-16,-14,-9,-14,-14,-16,-7,-9,-18,1,-12,-15,-16,-14,-10,1,-9,-11,-17,-9,-13,-12,1,-12,-10,1,1,-11,-17,-13,-12,-11,-12,-12,-11,-16,-12,-11,1,1,-20,-10,1,-13,-13,-15,1,-13,-12,-11,-20,-19,1,-12,-14,1,-11,-16,-19,-12,-12,-15,1,-13,-11,1,-13,-12,1,1,-11,-11,-14,-14,-12,-13,-12,1,-11,-8,-12,-17,-14,1,-10,-12,-12,-16,1,-11,-16,1,-14,-10,-10,-12,-11,-12,-12,-12,-13,1,-11,1,-19,-10,1,1,-12,-15,-14,-13,-13,-15,-9,-11,-14,-10,-9,-13,1,-12,-12,1,-14,-15,-10,-14,-18,-15,-13,-13,-10,1,-10,-20,1,-11,-11,-18,-9,-15,-12,1,-14,-9,-10,-14,1,-12,-19,-17,-14,-12,-15,-15,1,-8,-14,1,-10,-10,-11,-15,1,-17,-11,-10,-11,-16,-14,-14,-13,-10,-9,-13,1,-10,-14,-13,-8,-15,-9,-14,1,-13,-11,-20,-17,1,-13,-10,-17,-12,-12,1,-11,-15,-14,-14,-14,-9,1,-22,-13,-11,-12,-13,-16,-17,-10,-15,-14,1,-11,-5,-10,-19,-11,-7,1,-9,-17,-11,1,-13,-11,1,-15,-13,-12,-10,1,-11,-11,-13,-12,-11,-13,1,-17,-7,-17,-12,-11,-17,-16,-9,-10,-8,-11,-9,-14,-15,-8,-9,-10,-13,1,-13,-13,-14,-13,-11,-13,-13,-17,1,-14,1,-15,1,1,-23,1,1,1,-14,-16,1,1,1,-9,-12,-17,-17,-17,1,-20,-18,-15,-10,-16,-11,-12,-10,-11,-13,-13,-13,-19,-13,-10,1,-11,1,1,-9,-14,-13,-11,-13,-11,-10,1,-12,1,-13,1,-10,1,-18,-10,1,-14,-11,-15,1,-18,1,-10,-12,-14,-13,-10,-17,-12,-9,-11,-14,-16,-18,1,1,1,1,1,-11,-11,-11,-15,1,1,1,-10,-13,-11,-12,-15,-10,1,-12,-17,-13,-10,-13,-17,-10,-13,-15,-14,-16,-20,-14,1,-15,-10,-15,-11,1,-16,-17,-12,-11,-11,-13,-17,-11,1,-12,-7,-10,-12,-10,-14,-10,-15,-14,-16,-12,-12,1,-12,-12,-19,-11,-8,1,-16,-11,-22,-10,-13,-14,-18,-13,-14,-11,-12,-16,-12,-11,-10,-11,-16,-20,-11,-14,-20,-12,1,1,-13,-9,1,-11,-11,-13,-11,1,-12,-13,1,1,-8,-13,-9,-16,-11,-19,-11,1,-12,-12,-20,1,-11,1,-10,1,1,-10,-10,-8,-18,-12,-18,-7,-11,1,-9,-11,-9,-15,-17,-17,-13,-8,1,-12,-7,1,1,-11,-8,-11,-10,-16,-17,-11,-9,1,1,-12,-11,-12,1,-10,1,-8,-13,-12,-16,-13,-9,-10,-13,1,1,1,1,-9,-12,-10,-8,-13,-15,-14,-13,-14,-21,1,1,-14,-20,-16,-13,-17,1
-11,-10,1,-13,-13,-13,1,-10,-12,-16,-13,1,-12,-9,-11,1,-11,-18,-13,-12,-11,1,-12,-11,-11,-15,-7,1,1,-11,-17,-8,-10,1,1,1,-10,1,-12,-14,1,-19,-14,-19,-18,-13,-12,-11,-12,-13,1,-12,-13,-12,1,-11,-16,-9,-16,-12,-11,-16,-9,-14,-11,-9,-10,-11,-9,-14,-13,1,-11,-12,-13,1,-12,-10,-11,-16,1,1,-11,-12,-13,-16,-11,-10,1,-12,-12,-10,-10,-14,-11,-15,-11,-11,-13,-12,1,-16,-17,-12,-11,1,-18,-15,1,-11,-11,-12,1,-12,-17,-13,-13,-14,1,-9,1,-15,-12,-12,-14,-13,-11,1,-10,-11,-16,-16,1,-8,-7,-16,1,-10,-13,-18,-17,-15,-14,-12,-14,-12,-11,1,-12,-16,-9,-7,1,-14,-17,-15,-9,-16,-11,-13,1,1,-15,-10,-17,-10,-15,-11,-15,-11,-11,-16,1,-11,1,1,-10,-13,1,-13,-10,-11,1,-15,-11,1,-11,-13,-12,-10,-8,1,-13,-12,-14,-16,-12,-14,-22,1,-12,-14,-9,-11,-11,-13,-12,-11,-12,-12,-11,-11,-12,-18,-9,-22,-20,-14,-14,-12,-15,-12,-19,-15,-7,-7,-11,-13,-10,-11,-11,1,-13,1,-12,1,-10,-17,1,1,-15,-12,-15,-14,-14,-13,-15,1,1,-11,-12,-14,-16,1,-16,-13,1,1,-14,1,-15,-13,-13,-12,-19,-8,-20,-15,-15,-11,-11,-12,-10,-16,1,-9,-12,1,-14,-12,-12,-11,1,-17,1,1,-14,-15,-15,-12,1,-12,1,-12,-17,-19,-12,-13,-13,-12,-16,-18,-13,-12,1,1,1,-12,-13,-13,1,-13,-13,-25,1,-19,-12,-11,-12,-16,-9,1,1,1,-15,-11,1,-10,-10,-10,-12,1,-11,-14,-8,-12,-12,-14,1,1,1,-14,1,1,1,1,-17,-11,-19,-15,-13,-15,-13,-16,-12,-16,-12,1,-10,-15,1,1,-14,-13,-8,-10,-17,-16,-9,1,-12,-12,1,-15,-12,-16,-12,-12,-14,1,-11,-17,-11,-17,-14,1,-11,-18,-17,-10,1,-17,1,-12,-16,-17,-18,-11,-8,-18,1,-13,-18,1,1,-14,-15,1,1,-13,-6,-12,-16,-16,-12,-20,-14,-14,-10,-18,-16,1,1,-13,-11,-9,-7,-11,-8,-18,-11,1,-14,-18,-18,-8,1,-15,1,1,-10,-10,-8,-10,-11,-12,-12,1,-14,-16,1,-9,-12,-16,-12,-13,1,-14,-10,-10,1,-12,-13,-9,-12,-14,-12,-14,-7,-16,-17,-18,1,-20,-10,-10,-18,-15,-11,-11,-12,-15,-13,-18,-12,-12,1,-14,-15,-15,-15,-12,-19,-11,-10,-11,-16,-20,-11,-14,-10,-14,-13,-13,-10,-8,-11,-12,-14,-17,1,-14,-10,-18,-13,-11,-15,1,-15,1,-16,-11,-13,1,-12,-14,1,1,-9,1,-7,-12,-14,-12,-14,1,-12,-18,-11,-12,-14,-14,-19,-11,-15,-13,-10,-18,-11,-16,-10,-12,-18,1,1,-13,-11,1,-11,-11,-5,-11,-14,-13,-16,-11,-14,-14,1,-12,-15,-11,1,-13,1,-15,1,-14,-10,-11,-11,1,-13,1,-12,-13,-15,-7,1,-11,-10,-10,-13,-13,1,-12,-15,-15,-14,-10,1,-13,-15,-12,-12,-8,1,1,-12,-16,-11,-10,-16,-12,-11,-9,-13,1,1,-20,-13,-12,-11,-12,-18,1,-12,-14,-17,-14,-14,-14,1,-11,-12,-11,-17,-13,1,-14,-11,-12,-10,-16,-15,1,-10,1,-18,1,-9,-7,-12,-11,-14,1,-17,-16,1,-17,-9,1,1,-11,1,1,-19,-14,-8,-13,-11,-15,-13,-9,1,-12,-6,-10,-10,1,-12,-13,-15,-13,-12,1,-10,1,-6,-14,-13,-7,-11,1,-13,-10,-14,-15,1,-13,-9,-14,-11,-12,-16,-10,-12,1,-14,-16,-10,-20,-15,1,1,-12,-10,-14,-11,-13,-16,-13,-14,-5,-14,-10,-16,-11,-14,-9,-15,-13,-10,-15,1,-11,-13,-14,-15,-6,-10,-11,-11,1,-11,-11,-11,-12,-12,-11,-14,-16,1,1,1,-9,-11,1,-11,-14,-12,-14,-17,-14,-13,-19,-17,-14,1,-11,-15,-13,-17,-14,-17,-16,-14,-14,-14,-16,-11,-10,-14,1,-10,-11,-20,-16,-7,-12,1,-17,-14,-11,-14,-10,-16,1,-13,-16,-11,-11,-11,-10,-13,-12,-20,1,-9,1,-15,1,-9,-12,-9,1,-9,1,1,-11,-26,-17,-12,1,-11,-10,-12,1,-9,-10,-10,-11,-11,-11,-14,-11,-11,-12,-12,1,-15,-16,1,1,-10,-12,-12,-12,1,1,-11,-12,-13,-13,-10,-12,-17,-12,-16,-11,1,-13,1,-11,-14,1,-21,-14,1,1,-15,-11,-11,-16,-18,1,1,-7,-11,-11,-13,1,1,1,-18,-11,-12,-8,1,1,-15,-7,-9,-12,-10,-17,-18,-16,-11,-9,1,1,-17,1,1,-18,-14,1,-11,-14,-11,-12,-10,-13,-11,-14,-12,-14,-14,-14,-11,1,-15,-11,-11,-18,-14,-13,-12,-16,-11,1,1,-14,1,-12,1,1,-11,-13,-10,-11,-14,-8,1,1,-13,-19,1,-16,1,1,-13,-11,-14,-11,-10,-10,-19,-16,-14,1,-15,-12,1,-13,-16,-10,-12,1,-16,-15,-13,-12,-13,-15,-15,-11,-11,-12,1,1,-17,1,1,-12,-18,-15,-11,-19,-14,-12,-11,-16,-14,-12,-19,-13,-11,-9
-12,1,-15,-19,-11,-10,-12,-18,1,-15,-14,1,1,-14,-12,-17,-10,-13,-14,-9,-16,-15,-16,-13,-18,-14,-10,-16,1,-11,1,-11,-11,-10,-12,-11,1,-10,-11,-10,-12,-9,-16,-9,-12,-11,1,-12,-10,1,1,-18,-10,-19,-11,1,1,1,-14,-15,1,1,1,-16,-12,1,-16,-12,1,1,-14,-12,-16,-12,1,-19,-7,-14,1,-12,1,-12,-17,-13,-13,-10,-12,-10,-13,1,-10,-10,-9,1,1,-12,-12,-14,-15,-10,1,-13,-15,1,-11,-14,-15,-16,-13,-16,-10,-11,-13,-16,-13,-11,-15,-10,-13,-11,-15,-9,1,1,-12,-16,-5,-11,1,-17,-17,-13,-9,-9,-15,-11,-13,1,-13,1,-12,1,1,-14,-14,-15,-10,1,-8,1,-12,-16,1,-10,-12,-15,-22,-12,-10,-17,-14,1,1,-14,-15,1,-15,-14,-13,1,-11,-15,-12,-11,-14,1,-10,1,-12,1,-12,-12,-16,1,1,-14,-17,1,-13,-12,-10,-18,-15,1,-17,-10,1,-11,-13,-11,-17,-16,1,-12,-13,-20,-12,-17,-14,-17,-6,-12,1,1,-14,1,-17,-10,-15,-13,-11,1,-10,-12,-12,-12,-12,1,-10,-16,-12,-12,-12,1,-12,-15,-10,1,-15,-13,-12,-13,-13,1,-15,-10,1,-14,-11,-11,1,-15,-14,-18,-12,1,-8,1,-15,-16,-14,-12,1,-12,-13,1,-14,-13,1,-15,-15,1,-8,-11,-9,-10,-13,-18,-14,-17,-11,-12,1,-10,-15,-10,-9,1,1,1,-12,-12,-14,-9,-16,-9,-18,-9,-13,-18,1,-16,-12,-12,-15,-14,-15,-17,-11,1,1,1,-9,-18,-8,1,-13,-17,-14,-14,-14,-14,-13,1,-12,-9,1,-18,-9,-11,-10,-16,-11,-13,-11,-12,-16,-9,-11,-9,1,-13,-13,-10,-12,-9,1,-15,-11,1,-10,-12,1,-13,-10,-11,-13,-12,-14,-11,-14,-19,-15,-12,-12,-11,1,-12,-12,-14,-14,1,-16,-14,-19,-13,-11,1,1,-15,-12,1,-11,1,1,-13,-13,-17,-10,-13,-11,-15,1,1,-11,-19,-10,-13,-15,-17,-13,-10,1,-11,-16,-10,1,1,-17,-9,-12,-19,-11,-14,-11,-17,-10,-18,-12,-13,-12,-12,1,-13,-10,-11,-11,-11,-9,-11,-14,-21,-13,-16,-8,1,-12,-19,1,1,-15,-8,-18,-15,-13,-18,-12,-13,-14,-13,-21,-9,-13,-14,-12,-11,-13,-11,-7,-14,-10,-14,-10,-12,-8,-16,-13,-13,-12,-10,-11,-10,-9,-14,-9,-11,-12,-11,-12,-12,-12,-12,-13,-11,-11,1,1,1,-14,-17,-10,-16,1,-12,-19,-10,-15,-11,-11,-8,1,-11,-12,-10,-14,-13,-19,-13,-14,-15,-11,-17,-10,-12,-11,-13,-13,-13,-17,-11,-17,-18,-9,-16,-13,-13,-13,-13,-10,-15,-12,-16,-12,-12,-14,1,-13,-14,-13,-15,-9,-9,-11,-10,1,-9,-17,-17,-18,-13,-14,-18,-13,-12,-8,1,-10,-19,-14,-14,-7,-13,-12,-7,-15,1,-15,1,-14,1,-15,-11,-15,-18,1,-12,-14,-17,-19,-18,-12,1,-10,-9,-17,-19,1,-12,-9,-13,-18,1,1,-12,1,-13,-10,-11,-14,-13,1,-10,-12,1,-19,-18,-14,-12,-16,1,-10,-17,-13,1,-13,-9,1,1,1,-6,-7,-9,-13,-8,-15,1,-12,-11,-11,-6,-17,-17,-10,-14,-18,-8,-16,1,1,1,1,-11,-13,-7,-14,-13,-14,-12,1,-17,-11,-16,-11,-10,-13,-10,1,-10,-12,-11,1,-13,-12,1,-13,-9,-9,-13,1,-11,1,-15,-13,1,-9,1,-10,-16,-14,-18,-17,-11,-7,-17,-12,-11,-14,-17,1,-14,-11,-7,1,1,-16,1,-14,-12,-12,-13,-13,-12,-11,-13,-14,-13,-9,1,1,-15,1,-11,-18,-12,-14,-12,-14,-9,1,1,-12,-12,-17,-9,-17,1,-16,-7,-10,-20,-10,-14,-14,1,-12,-18,-13,-16,1,-13,-10,-15,-15,-12,1,-12,-12,1,-12,1,-11,-10,-17,-8,1,-16,-13,1,-11,-17,-9,-18,1,1,-14,-13,-14,-15,-11,-14,1,-8,-15,-15,-16,-13,1,-20,1,-13,-8,1,-13,1,-17,-11,1,1,-14,-12,-13,-12,1,1,-12,-11,-14,-17,-18,-13,-12,1,-15,1,-16,-9,-16,-17,-15,-10,-9,-9,-15,-13,-15,-13,-12,-14,-8,-11,1,-13,-12,-10,-15,1,-11,-10,1,-15,1,-15,1,-11,-10,-13,-10,-12,-10,-11,1,-11,-10,1,-14,-14,-10,-14,1,-11,-14,-11,1,-15,1,-14,-15,-10,-9,-15,-12,-13,-17,-10,-10,-7,-12,1,-13,-13,-11,-10,-13,-11,-16,-14,-9,-19,-22,-12,-13,-14,-11,1,-17,-11,-11,1,-19,-9,-10,-10,-13,1,1,1,1,-15,1,-8,-10,-9,-13,-12,-15,-13,-14,-12,1,-13,-8,1,-11,-16,-9,-17,-13,-11,-11,-14,-14,-18,-20,-12,-13,-12,-13,-16,-13,-11,-10,1,-12,-13,1,-12,-15,-10,-8,1,-12,-12,1,-13,1,-11,-14,-9,-11,-8,-14,-16,1,-12,1,-12,1,-12,-10,-12,-15,1,-9,-14,-10,-15,-10,-14,-9,-25,1,-17,-12,1,1,-11,-14,-13,-12,-7,1,-13,-11,-15,-18,-13,-14,1,-11,-15,-15,1,-10,-14,-6,-11,-14,-13,-11,-12
