-36,-28,-29,-21,-28,-24,-28,-27,-37,-23,-28,-31,-33,-26,-39,-36,-20,-30,-35,-24,-30,-35,-42,-33,-34,-16,-30,-38,-24,-36,-37,-27,-26,-28,-35,-30,-24,-21,-26,-26,-31,-25,-25,-26,-13,-31,-25,-27,-27,-23,-33,-22,-27,-38,-39,-15,-39,-32,-21,-20,-41,-34,-26,-32,-23,-27,-31,-27,-27,-31,-31,-35,-32,-29,-23,-26,-24,-23,-25,-27,-27,-20,-25,-24,-30,-36,-23,-31,-19,-36,-23,-44,-38,-24,-28,-19,-23,-25,-23,-29,-35,-31,-34,-24,-24,-26,-29,-26,-26,-25,-33,-24,-34,-29,-25,-39,-26,-37,-41,-28,-17,-19,-31,-40,-25,-29,-31,-38,-34,-38,-18,-26,-30,-20,-33,-33,-22,-28,-29,-30,-24,-25,-31,-27,-17,-27,-38,-23,-29,-36,-37,-25,-25,-32,-29,-32,-33,-20,-27,-28,-31,-23,-32,-32,-23,-21,-20,-25,-32,-8,-32,-19,-28,-29,-23,-32,-25,-28,-19,-36,-32,-34,-27,-32,-35,-26,-35,-29,-26,-34,-32,-30,-24,-39,-24,-28,-32,-27,-23,-29,-28,-29,-24,-24,-22,-39,-23,-25,-29,-25,-33,-31,-33,-26,-32,-29,-36,-36,-28,-34,-23,-29,-35,-26,-25,-36,-26,-24,-29,-27,-30,-23,-26,-34,-28,-27,-26,-24,-26,-19,-23,-28,-33,-28,-29,-19,-31,-26,-30,-38,-26,-30,-24,-41,-24,-29,-23,-32,-27,-26,-26,-25,-25,-32,-26,-36,-32,-26,-17,-22,-36,-18,-35,-25,-25,-25,-37,-36,-30,-27,-24,-35,-20,-28,-29,-26,-29,-39,-27,-20,-32,-33,-29,-34,-32,-25,-31,-37,-24,-20,-28,-22,-20,-31,-25,-29,-25,-23,-31,-28,-36,-32,-29,-23,-30,-30,-37,-16,-32,-28,-15,-32,-23,-30,-28,-31,-26,-34,-17,-30,-22,-37,-34,-34,-19,-29,-20,-33,-24,-37,-29,-23,-31,-29,-41,-24,-32,-35,-29,-28,-30,-29,-29,-23,-27,-27,-35,-27,-24,-23,-32,-37,-30,-25,-25,-29,-15,-21,-28,-30,-30,-34,-27,-18,-34,-40,-36,-20,-24,-32,-23,-29,-32,-24,-15,-28,-39,-30,-31,-27,-33,-16,-25,-33,-28,-23,-27,-23,-30,-27,-27,-27,-41,-41,-27,-16,-28,-18,-31,-33,-29,-29,-31,-27,-35,-24,-16,-20,-24,-27,-30,-32,-39,-26,-40,-32,-29,-29,-32,-32,-26,-32,-22,-29,-29,-29,-24,-21,-30,-33,-29,-28,-22,-30,-27,-33,-26,-31,-20,-34,-33,-35,-33,-27,-45,-27,-26,-26,-26,-20,-22,-18,-24,-36,-23,-24,-25,-26,-33,-28,-39,-39,-26,-27,-30,-32,-32,-28,-32,-19,-27,-25,-27,-21,-26,-32,-26,-23,-26,-20,-36,-21,-27,-25,-29,-32,-25,-23,-26,-34,-23,-31,-31,-27,-24,-23,-27,-21,-24,-31,-31,-26,-26,-19,-32,-26,-32,-31,-28,-28,-26,-36,-30,-40,-24,-30,-24,-27,-27,-24,-38,-22,-25,-39,-21,-20,-24,-31,-27,-23,-26,-26,-33,-30,-26,-29,-30,-33,-21,-27,-32,-28,-42,-23,-29,-30,-24,-25,-19,-17,-27,-23,-29,-23,-31,-25,-28,-30,-43,-28,-31,-28,-25,-34,-18,-28,-32,-23,-39,-25,-25,-31,-28,-30,-27,-23,-17,-28,-27,-38,-22,-14,-26,-15,-40,-26,-31,-31,-25,-23,-23,-38,-27,-34,-22,-27,-29,-31,-23,-21,-25,-24,-25,-47,-18,-35,-17,-32,-34,-25,-29,-25,-26,-25,-29,-23,-30,-35,-32,-21,-32,-30,-24,-29,-28,-20,-28,-43,-19,-29,-21,-24,-20,-13,-24,-28,-36,-26,-28,-24,-25,-32,-25,-25,-40,-32,-29,-33,-29,-30,-24,-27,-25,-23,-38,-18,-20,-22,-26,-32,-35,-31,-34,-31,-20,-33,-35,-18,-27,-22,-23,-33,-27,-21,-35,-35,-25,-36,-29,-23,-26,-29,-25,-28,-31,-22,-33,-28,-30,-24,-22,-36,-29,-23,-36,-36,-37,-24,-39,-25,-22,-30,-33,-34,-26,-28,-25,-26,-28,-36,-22,-32,-25,-34,-24,-15,-29,-32,-21,-24,-27,-35,-26,-32,-23,-30,-31,-31,-28,-36,-26,-33,-19,-31,-38,-31,-15,-30,-24,-39,-27,-29,-30,-34,-25,-21,-15,-23,-36,-30,-29,-17,-30,-35,-22,-9,-28,-31,-27,-24,-19,-25,-25,-29,-19,-33,-26,-32,-30,-37,-39,-32,-25,-33,-36,-30,-27,-31,-26,-17,-38,-27,-25,-29,-27,-30,-19,-29,-35,-27,-27,-18,-26,-33,-26,-25,-28,-32,-28,-21,-18,-24,-31,-33,-25,-32,-33,-31,-22,-27,-27,-23,-34,-33,-33,-27,-24,-30,-29,-18,-25,-23,-36,-22,-20,-26,-39,-20,-21,-34,-23,-22,-26,-30,-28,-24,-31,-30,-28,-24,-21,-35,-17,-33,-29,-19,-39,-19,-23,-13,-37,-37,-25,-30,-24,-32,-40,-24,-24,-27,-40,-33,-28,-37,-23,-23,-30,-24,-28,-36,-23,-20,-37,-24,-28,-25,-34,-23,-25,-42,-27,-30,-22,-40,-23,-16,-28,-33,-28,-36,-28,-27,-29,-30,-28,-24,-31,-18,-22,-25,-18,-30,-26,-38,-38,-33,-33,-21,-36,-33,-33,-23,-19,-25,-36,-26,-30,-35,-25,-25,-28,-31,-31,-28,-29,-25,-26,-30,-35,-34,-35,-26,-33,-24,-25,-32,-37,-26,-26,-31,-32,-25,-17,-30,-22,-35,-26,-26,-29,-37,-19,-34,-24,-26,-36,-31,-36,-27,-30,-33,-35,-15,-39,-24,-22,-34,-31,-19,-27,-30,-35,-33,-25,-35,-15,-39,-20,-30,-30,-25,-32,-36,-24,-30,-30,-26,-23,-35,-19,-18
-14,-25,-31,-28,-31,-24,-29,-24,-35,-21,-25,-31,-24,-33,-14,-28,-26,-32,-41,-33,-32,-22,-45,-37,-35,-27,-23,-24,-25,-31,-41,-25,-23,-37,-13,-29,-34,-35,-27,-26,-22,-25,-28,-24,-27,-29,-33,-21,-33,-39,-21,-38,-28,-28,-28,-20,-31,-30,-35,-33,-33,-32,-31,-22,-18,-31,-40,-28,-26,-28,-33,-26,-25,-20,-26,-34,-22,-26,-27,-33,-33,-25,-27,-34,-30,-17,-28,-35,-27,-28,-37,-25,-26,-19,-38,-32,-21,-37,-30,-29,-26,-38,-23,-38,-17,-21,-31,-29,-28,-33,-35,-28,-32,-27,-21,-22,-37,-33,-34,-32,-34,-19,-18,-26,-23,-20,-24,-28,-37,-24,-30,-39,-42,-24,-33,-32,-21,-25,-29,-22,-28,-28,-23,-22,-36,-27,-23,-25,-20,-17,-17,-26,-30,-23,-26,-29,-23,-31,-32,-37,-26,-34,-29,-29,-28,-39,-29,-18,-25,-23,-32,-29,-17,-29,-30,-23,-33,-19,-32,-29,-24,-27,-29,-13,-26,-28,-26,-30,-36,-26,-20,-29,-25,-21,-24,-34,-15,-40,-25,-32,-21,-30,-30,-16,-24,-22,-29,-38,-30,-26,-22,-27,-33,-25,-40,-25,-32,-35,-33,-27,-20,-25,-25,-26,-33,-19,-25,-30,-20,-25,-41,-35,-30,-34,-32,-29,-23,-25,-14,-33,-34,-32,-20,-26,-27,-31,-32,-32,-31,-24,-22,-14,-22,-26,-20,-34,-27,-25,-31,-29,-35,-27,-36,-37,-38,-29,-17,-18,-25,-33,-32,-26,-20,-33,-33,-27,-24,-24,-29,-16,-20,-35,-35,-35,-28,-35,-40,-27,-16,-27,-20,-31,-19,-20,-21,-37,-29,-25,-33,-35,-36,-23,-40,-21,-33,-25,-31,-25,-26,-29,-27,-33,-31,-25,-20,-34,-31,-26,-27,-29,-17,-22,-20,-24,-29,-31,-27,-23,-22,-27,-42,-22,-30,-26,-30,-22,-32,-31,-38,-27,-33,-34,-31,-28,-24,-26,-16,-28,-25,-22,-31,-29,-39,-30,-44,-30,-35,-31,-30,-31,-39,-32,-26,-28,-24,-33,-24,-21,-33,-28,-35,-21,-16,-25,-22,-32,-41,-22,-24,-24,-27,-26,-27,-31,-15,-34,-21,-41,-18,-26,-26,-34,-22,-32,-27,-31,-28,-25,-32,-28,-26,-29,-19,-23,-24,-24,-36,-28,-21,-22,-35,-32,-26,-30,-16,-32,-29,-28,-33,-20,-25,-25,-25,-17,-35,-41,-26,-30,-37,-18,-37,-26,-34,-16,-18,-31,-31,-24,-23,-28,-29,-26,-31,-26,-38,-16,-38,-25,-31,-25,-24,-39,-25,-27,-30,-21,-21,-30,-34,-38,-26,-26,-28,-29,-27,-42,-25,-38,-32,-24,-30,-21,-26,-35,-32,-38,-20,-33,-40,-25,-27,-38,-18,-31,-27,-27,-25,-35,-17,-37,-35,-27,-27,-29,-23,-28,-25,-27,-19,-31,-26,-35,-30,-34,-30,-34,-27,-32,-37,-26,-24,-35,-29,-27,-25,-28,-15,-23,-27,-28,-39,-30,-38,-34,-24,-32,-25,-20,-29,-26,-33,-28,-30,-36,-33,-26,-25,-28,-31,-31,-23,-23,-37,-22,-28,-23,-16,-34,-34,-28,-34,-18,-29,-21,-26,-30,-29,-31,-28,-23,-27,-23,-24,-21,-24,-18,-26,-25,-20,-36,-34,-25,-17,-37,-37,-20,-15,-30,-35,-27,-28,-27,-38,-24,-37,-31,-19,-26,-33,-34,-19,-24,-26,-22,-30,-33,-34,-46,-22,-25,-19,-17,-29,-35,-24,-26,-26,-25,-31,-27,-38,-29,-27,-20,-25,-19,-34,-25,-22,-31,-22,-16,-31,-25,-29,-20,-25,-24,-33,-36,-27,-33,-32,-30,-26,-22,-25,-32,-21,-28,-26,-24,-34,-29,-29,-26,-39,-14,-37,-26,-20,-28,-17,-25,-36,-26,-39,-29,-31,-27,-21,-31,-34,-20,-30,-29,-45,-31,-29,-20,-31,-40,-28,-31,-16,-35,-37,-33,-35,-26,-25,-31,-31,-32,-28,-27,-29,-33,-21,-29,-30,-24,-15,-30,-23,-28,-26,-32,-36,-26,-18,-25,-41,-28,-29,-18,-24,-23,-18,-32,-22,-25,-27,-10,-33,-25,-19,-21,-26,-32,-26,-35,-26,-38,-36,-25,-30,-26,-33,-21,-17,-30,-30,-20,-22,-23,-22,-24,-22,-21,-18,-28,-23,-25,-23,-28,-21,-29,-25,-28,-33,-28,-30,-37,-29,-27,-33,-23,-33,-37,-31,-29,-22,-33,-18,-27,-28,-22,-26,-22,-34,-39,-28,-37,-28,-33,-21,-33,-33,-31,-41,-24,-26,-18,-21,-34,-23,-33,-24,-31,-37,-25,-31,-29,-38,-33,-29,-23,-23,-28,-28,-30,-19,-21,-30,-23,-40,-22,-32,-36,-31,-28,-17,-20,-11,-25,-24,-18,-34,-35,-32,-27,-24,-20,-32,-37,-35,-31,-39,-18,-28,-22,-29,-41,-27,-30,-30,-35,-30,-22,-29,-30,-24,-25,-34,-25,-17,-34,-23,-27,-26,-24,-28,-29,-23,-27,-33,-30,-26,-22,-38,-28,-32,-27,-36,-32,-21,-24,-20,-27,-37,-28,-26,-19,-21,-22,-23,-29,-21,-40,-30,-25,-22,-21,-34,-30,-30,-21,-29,-36,-33,-36,-20,-29,-28,-35,-31,-37,-27,-33,-26,-25,-18,-19,-37,-27,-32,-28,-21,-32,-18,-32,-37,-22,-23,-26,-31,-24,-26,-15,-19,-33,-31,-32,-21,-19,-30,-19,-18,-41,-34,-34,-23,-31,-27,-37,-24,-24,-26,-25,-21,-33,-17,-17,-29,-22,-30,-27,-39,-13,-18,-26,-38,-26,-28,-33,-19,-23,-34,-37,-29,-33,-16,-31,-22,-31,-26,-37,-23,-25,-31,-28,-25,-28,-30,-23,-41,-34,-22,-26,-21,-34,-24,-29,-42,-44,-25,-28,-26,-24,-25,-33,-21,-30,-25,-29,-29,-27,-17,-24
-29,-27,-36,-24,-27,-29,-37,-26,-30,-26,-14,-26,-33,-29,-28,-37,-25,-30,-24,-31,-32,-23,-19,-26,-20,-28,-27,-39,-28,-29,-23,-31,-33,-21,-18,-23,-31,-42,-33,-12,-31,-31,-30,-28,-30,-31,-22,-19,-19,-24,-28,-32,-25,-30,-24,-34,-25,-24,-40,-30,-36,-32,-14,-27,-32,-37,-30,-16,-26,-28,-24,-32,-23,-31,-17,-30,-29,-26,-23,-30,-36,-27,-27,-20,-20,-27,-25,-24,-17,-31,-31,-27,-32,-29,-24,-23,-23,-26,-25,-30,-34,-40,-31,-26,-41,-31,-22,-23,-25,-33,-27,-25,-25,-30,-25,-30,-25,-35,-37,-23,-30,-30,-25,-39,-25,-27,-30,-28,-25,-20,-18,-34,-33,-24,-21,-27,-28,-20,-26,-24,-24,-27,-33,-22,-30,-24,-29,-30,-21,-31,-33,-25,-28,-31,-39,-30,-33,-34,-28,-43,-37,-23,-24,-46,-31,-27,-30,-31,-24,-31,-24,-33,-20,-34,-24,-24,-25,-18,-26,-25,-21,-30,-30,-36,-32,-28,-22,-23,-33,-26,-25,-24,-39,-18,-26,-33,-26,-24,-40,-31,-27,-32,-20,-24,-22,-29,-20,-14,-34,-27,-23,-33,-31,-26,-18,-35,-32,-28,-22,-13,-30,-23,-31,-28,-27,-36,-26,-36,-30,-30,-30,-41,-33,-26,-30,-24,-17,-28,-22,-31,-22,-26,-22,-33,-19,-25,-24,-27,-43,-30,-20,-26,-27,-34,-30,-37,-43,-30,-30,-33,-24,-23,-27,-36,-24,-32,-26,-38,-20,-30,-33,-22,-23,-31,-18,-25,-37,-29,-20,-29,-33,-18,-22,-32,-32,-35,-23,-25,-25,-29,-28,-35,-38,-38,-25,-28,-14,-35,-35,-24,-21,-36,-38,-34,-34,-34,-23,-37,-26,-33,-31,-21,-36,-16,-31,-39,-28,-24,-29,-13,-25,-30,-32,-31,-28,-26,-30,-20,-28,-28,-30,-20,-23,-28,-36,-24,-30,-33,-34,-25,-26,-26,-33,-30,-28,-22,-35,-26,-24,-22,-24,-29,-25,-30,-27,-37,-27,-41,-21,-26,-36,-35,-31,-20,-27,-24,-24,-29,-29,-23,-43,-24,-24,-29,-36,-19,-38,-8,-24,-33,-24,-25,-27,-30,-27,-17,-35,-25,-33,-25,-28,-28,-31,-35,-23,-22,-27,-21,-20,-34,-23,-23,-24,-29,-22,-30,-18,-37,-35,-26,-31,-31,-15,-26,-22,-24,-18,-22,-39,-31,-21,-19,-26,-30,-32,-18,-20,-35,-22,-22,-25,-36,-22,-25,-30,-42,-25,-34,-23,-19,-24,-21,-30,-18,-24,-24,-25,-29,-25,-21,-18,-30,-30,-18,-20,-33,-38,-32,-25,-32,-35,-30,-31,-20,-35,-27,-34,-37,-32,-30,-26,-28,-30,-25,-27,-22,-29,-28,-26,-26,-51,-25,-33,-41,-29,-38,-34,-30,-18,-28,-28,-26,-28,-30,-23,-29,-32,-28,-34,-33,-28,-33,-31,-21,-30,-23,-35,-21,-34,-23,-32,-24,-26,-32,-17,-38,-20,-29,-21,-24,-22,-32,-21,-32,-22,-24,-26,-38,-23,-21,-33,-34,-32,-23,-33,-33,-38,-31,-29,-19,-25,-22,-31,-26,-27,-39,-39,-25,-20,-30,-29,-26,-26,-26,-28,-29,-25,-24,-33,-30,-27,-23,-24,-21,-26,-17,-29,-25,-28,-25,-29,-24,-20,-20,-23,-25,-33,-33,-37,-40,-25,-27,-29,-26,-29,-24,-31,-31,-31,-25,-26,-40,-22,-33,-16,-25,-35,-30,-36,-24,-30,-23,-21,-26,-40,-36,-30,-24,-36,-32,-24,-29,-16,-33,-34,-26,-25,-20,-21,-36,-28,-39,-24,-33,-27,-23,-26,-23,-35,-31,-15,-24,-36,-28,-19,-28,-26,-30,-20,-19,-35,-24,-33,-23,-29,-27,-26,-16,-29,-31,-30,-36,-26,-28,-25,-29,-34,-36,-29,-22,-25,-32,-31,-24,-26,-42,-27,-29,-30,-21,-31,-23,-28,-34,-34,-34,-27,-41,-40,-36,-26,-36,-30,-26,-30,-40,-19,-12,-26,-22,-32,-35,-24,-25,-31,-31,-26,-29,-29,-24,-39,-21,-32,-25,-35,-23,-37,-33,-24,-34,-26,-32,-35,-30,-31,-31,-26,-41,-22,-30,-28,-28,-25,-37,-29,-42,-26,-30,-30,-21,-25,-42,-22,-36,-24,-38,-28,-19,-18,-36,-25,-20,-28,-23,-33,-25,-33,-34,-47,-24,-20,-24,-32,-22,-33,-35,-14,-30,-28,-13,-24,-37,-22,-22,-36,-26,-26,-31,-36,-30,-31,-32,-26,-38,-24,-20,-30,-28,-28,-26,-40,-22,-27,-26,-27,-28,-26,-40,-20,-29,-29,-30,-29,-22,-29,-32,-28,-29,-23,-23,-38,-34,-24,-31,-22,-19,-19,-28,-37,-25,-29,-49,-25,-27,-27,-27,-25,-34,-20,-36,-21,-32,-24,-30,-31,-20,-30,-38,-17,-33,-37,-26,-34,-24,-20,-34,-29,-16,-28,-22,-26,-33,-30,-16,-24,-24,-40,-35,-20,-24,-28,-28,-29,-34,-37,-25,-38,-34,-34,-18,-29,-21,-25,-26,-28,-23,-32,-33,-35,-33,-29,-22,-38,-31,-31,-26,-30,-33,-29,-22,-19,-13,-34,-31,-22,-28,-21,-24,-25,-42,-27,-33,-28,-29,-25,-31,-25,-39,-33,-25,-20,-35,-23,-31,-31,-31,-30,-23,-20,-17,-30,-20,-38,-24,-21,-26,-30,-36,-38,-31,-31,-19,-31,-33,-14,-27,-27,-28,-27,-29,-21,-30,-28,-39,-28,-30,-31,-21,-21,-20,-23,-15,-18,-33,-40,-26,-19,-21,-27,-14,-26,-36,-43,-31,-37,-34,-38,-26,-29,-33,-39,-26,-22,-40,-21,-26,-13,-26,-24,-26,-27,-24,-45,-21,-38,-27,-21,-30,-37,-27,-30,-33,-35,-32,-37,-23,-30,-31,-31,-26,-25,-35,-32,-25,-21,-29,-22,-25,-30,-35
-26,-32,-21,-18,-33,-21,-26,-24,-20,-31,-26,-21,-24,-34,-43,-39,-20,-23,-12,-28,-40,-37,-20,-33,-35,-31,-25,-40,-24,-25,-23,-40,-36,-28,-22,-35,-26,-25,-28,-23,-28,-28,-27,-23,-24,-32,-27,-34,-31,-28,-30,-24,-26,-35,-39,-18,-36,-23,-23,-18,-27,-31,-35,-30,-30,-18,-23,-41,-30,-27,-21,-35,-47,-23,-32,-36,-28,-37,-21,-25,-12,-32,-28,-33,-24,-23,-34,-33,-23,-26,-17,-27,-26,-21,-21,-34,-26,-34,-19,-24,-22,-33,-24,-15,-26,-20,-31,-31,-15,-22,-28,-35,-29,-24,-26,-30,-30,-23,-31,-35,-30,-17,-24,-19,-28,-40,-28,-15,-22,-22,-32,-29,-29,-22,-28,-32,-30,-34,-32,-31,-27,-40,-29,-33,-23,-23,-32,-32,-29,-23,-23,-21,-38,-33,-20,-31,-26,-26,-27,-20,-19,-23,-26,-19,-27,-22,-33,-22,-38,-20,-30,-20,-27,-22,-32,-22,-13,-34,-24,-34,-27,-35,-26,-29,-32,-27,-18,-28,-16,-24,-17,-31,-22,-22,-35,-33,-26,-28,-32,-35,-29,-29,-28,-29,-34,-37,-35,-26,-30,-37,-34,-35,-35,-21,-35,-33,-33,-28,-28,-27,-27,-21,-28,-22,-37,-22,-25,-19,-23,-36,-29,-30,-26,-20,-31,-24,-25,-29,-27,-20,-22,-31,-18,-33,-28,-28,-34,-26,-20,-23,-23,-24,-23,-15,-19,-27,-25,-30,-20,-27,-19,-34,-29,-28,-34,-38,-31,-35,-27,-26,-26,-26,-27,-21,-29,-13,-32,-42,-29,-22,-37,-19,-21,-24,-20,-30,-21,-29,-31,-36,-29,-37,-37,-24,-20,-20,-26,-28,-21,-32,-39,-28,-28,-32,-29,-22,-25,-30,-28,-31,-24,-22,-28,-32,-20,-40,-31,-23,-27,-23,-31,-25,-23,-16,-23,-26,-32,-28,-26,-32,-24,-28,-31,-25,-26,-36,-27,-36,-30,-32,-25,-25,-24,-37,-34,-22,-28,-26,-30,-37,-36,-34,-22,-20,-27,-26,-30,-28,-27,-40,-41,-34,-29,-31,-28,-39,-33,-25,-31,-31,-32,-37,-25,-27,-26,-33,-33,-27,-30,-33,-27,-28,-26,-36,-28,-28,-33,-26,-23,-30,-39,-29,-30,-31,-28,-31,-29,-22,-27,-28,-40,-30,-22,-35,-23,-33,-12,-37,-14,-35,-23,-19,-22,-14,-41,-23,-35,-43,-35,-22,-28,-33,-33,-26,-32,-21,-32,-23,-36,-24,-28,-18,-32,-20,-29,-38,-22,-38,-32,-32,-32,-35,-24,-28,-18,-33,-24,-29,-30,-29,-34,-22,-25,-30,-26,-11,-32,-25,-33,-31,-20,-12,-29,-31,-37,-22,-30,-38,-25,-44,-28,-14,-38,-27,-26,-34,-29,-41,-41,-33,-30,-34,-22,-38,-45,-16,-27,-25,-20,-32,-22,-26,-30,-33,-24,-16,-26,-26,-22,-32,-26,-35,-23,-31,-41,-31,-25,-28,-16,-31,-24,-26,-18,-22,-25,-34,-33,-27,-26,-22,-32,-26,-27,-27,-25,-34,-30,-26,-35,-27,-32,-32,-31,-27,-23,-26,-24,-31,-32,-26,-29,-25,-36,-30,-20,-25,-24,-22,-18,-31,-23,-21,-27,-28,-43,-28,-24,-27,-32,-26,-34,-21,-23,-26,-21,-29,-26,-25,-26,-41,-37,-28,-24,-30,-30,-29,-19,-28,-29,-38,-35,-30,-36,-30,-21,-21,-18,-24,-37,-33,-31,-37,-26,-22,-31,-22,-23,-36,-26,-32,-19,-29,-33,-26,-32,-37,-25,-26,-27,-24,-25,-19,-28,-30,-31,-20,-22,-25,-24,-35,-16,-31,-17,-20,-30,-24,-28,-28,-17,-29,-30,-22,-18,-35,-31,-37,-29,-29,-27,-29,-26,-26,-19,-20,-22,-31,-28,-20,-23,-39,-33,-21,-32,-31,-31,-32,-25,-27,-23,-20,-25,-16,-31,-25,-29,-32,-26,-19,-23,-19,-21,-33,-24,-40,-35,-36,-25,-30,-33,-34,-19,-23,-30,-30,-26,-38,-21,-34,-34,-34,-30,-23,-26,-32,-30,-25,-31,-20,-35,-23,-24,-11,-26,-35,-32,-17,-25,-14,-32,-22,-27,-16,-16,-30,-25,-33,-21,-20,-32,-27,-23,-25,-31,-39,-29,-35,-34,-31,-28,-27,-20,-41,-25,-29,-27,-28,-25,-19,-32,-16,-22,-34,-39,-31,-30,-29,-35,-28,-27,-29,-30,-31,-23,-36,-22,-29,-32,-31,-20,-33,-26,-22,-18,-22,-25,-33,-31,-36,-26,-17,-31,-16,-25,-26,-26,-29,-20,-19,-16,-24,-19,-23,-20,-22,-36,-35,-23,-31,-23,-28,-26,-26,-27,-40,-24,-29,-36,-29,-42,-22,-26,-21,-20,-28,-25,-19,-28,-23,-39,-39,-37,-23,-33,-21,-20,-21,-16,-29,-35,-21,-29,-29,-25,-31,-17,-33,-27,-29,-27,-24,-26,-25,-19,-26,-33,-29,-26,-34,-34,-25,-31,-30,-25,-21,-30,-31,-24,-25,-26,-45,-39,-23,-17,-27,-24,-23,-26,-30,-21,-21,-30,-39,-16,-24,-23,-32,-22,-37,-34,-29,-28,-27,-26,-41,-28,-41,-21,-30,-22,-31,-30,-37,-25,-30,-29,-29,-25,-25,-28,-17,-21,-29,-27,-35,-28,-28,-35,-29,-21,-29,-31,-30,-33,-21,-28,-35,-35,-30,-26,-20,-36,-28,-32,-21,-28,-27,-32,-34,-29,-29,-25,-25,-34,-8,-34,-22,-49,-18,-23,-36,-41,-30,-28,-22,-27,-30,-39,-31,-28,-28,-27,-26,-21,-31,-30,-31,-36,-21,-29,-30,-26,-29,-28,-37,-18,-38,-31,-33,-24,-22,-25,-23,-23,-29,-24,-40,-30,-17,-26,-21,-24,-29,-31,-25,-21,-36,-32,-30,-34,-39,-19,-27,-20,-37,-33,-33,-22,-28,-30,-36,-23,-32,-24,-14,-14,-41,-24,-27,-20,-36
-31,-28,-27,-23,-18,-34,-25,-20,-34,-26,-28,-26,-35,-33,-30,-23,-28,-28,-34,-25,-30,-33,-32,-26,-22,-34,-26,-32,-27,-39,-15,-27,-20,-24,-31,-33,-28,-29,-26,-28,-33,-21,-32,-26,-27,-31,-44,-27,-19,-22,-32,-31,-31,-26,-34,-41,-27,-29,-26,-23,-33,-30,-30,-20,-23,-28,-19,-30,-26,-19,-30,-25,-22,-19,-33,-30,-33,-27,-39,-27,-28,-41,-25,-31,-23,-26,-33,-30,-22,-26,-27,-27,-36,-22,-30,-35,-25,-35,-31,-17,-35,-33,-26,-17,-29,-38,-22,-25,-18,-26,-26,-29,-38,-21,-28,-43,-33,-24,-41,-25,-26,-19,-31,-40,-31,-29,-35,-39,-29,-29,-29,-23,-28,-24,-26,-30,-31,-37,-27,-31,-28,-22,-26,-25,-30,-32,-35,-29,-21,-25,-33,-26,-21,-39,-38,-30,-18,-25,-33,-22,-20,-22,-22,-16,-18,-25,-31,-34,-35,-30,-30,-24,-21,-28,-28,-20,-25,-24,-36,-36,-26,-26,-27,-18,-32,-26,-25,-16,-29,-23,-24,-20,-36,-30,-25,-29,-39,-19,-35,-32,-36,-23,-25,-38,-27,-33,-31,-23,-28,-22,-24,-32,-31,-26,-30,-31,-29,-28,-25,-18,-23,-20,-20,-30,-24,-27,-21,-27,-28,-25,-25,-30,-35,-36,-23,-25,-25,-38,-32,-27,-45,-35,-36,-30,-22,-23,-24,-35,-20,-28,-33,-22,-27,-30,-38,-35,-29,-38,-21,-26,-12,-34,-31,-35,-38,-20,-30,-24,-31,-27,-30,-31,-23,-23,-30,-35,-24,-36,-35,-29,-34,-32,-35,-26,-32,-30,-36,-20,-24,-24,-27,-25,-26,-29,-34,-14,-25,-25,-19,-25,-39,-36,-25,-29,-33,-29,-19,-22,-28,-30,-28,-33,-27,-32,-34,-28,-18,-14,-37,-15,-33,-29,-29,-36,-28,-30,-21,-30,-35,-32,-21,-27,-30,-32,-24,-26,-18,-29,-26,-32,-22,-23,-24,-36,-32,-22,-21,-40,-24,-29,-29,-24,-29,-30,-34,-27,-21,-32,-39,-17,-21,-24,-30,-23,-24,-22,-23,-23,-34,-16,-32,-19,-28,-24,-26,-29,-24,-16,-31,-17,-27,-27,-25,-33,-32,-36,-28,-16,-23,-38,-35,-28,-24,-23,-28,-29,-16,-24,-30,-24,-27,-23,-25,-30,-27,-31,-29,-22,-31,-31,-35,-36,-29,-33,-23,-30,-22,-29,-38,-25,-29,-30,-31,-34,-30,-24,-37,-30,-38,-31,-18,-29,-30,-25,-31,-36,-23,-35,-18,-23,-24,-29,-23,-35,-28,-17,-27,-34,-28,-37,-25,-26,-31,-27,-29,-30,-22,-33,-41,-38,-32,-21,-23,-22,-37,-27,-15,-25,-23,-29,-27,-31,-38,-30,-37,-20,-25,-41,-20,-32,-34,-20,-23,-30,-25,-23,-28,-36,-20,-24,-36,-27,-27,-32,-31,-22,-29,-29,-30,-32,-20,-32,-27,-30,-30,-24,-29,-20,-29,-31,-25,-27,-26,-29,-23,-36,-35,-24,-23,-22,-38,-19,-33,-30,-20,-25,-33,-23,-29,-20,-28,-33,-34,-27,-22,-32,-31,-23,-21,-37,-20,-30,-28,-40,-28,-25,-27,-24,-22,-29,-31,-32,-37,-34,-38,-28,-33,-19,-31,-25,-31,-37,-32,-29,-32,-27,-20,-27,-21,-25,-27,-30,-30,-28,-16,-20,-22,-27,-21,-18,-32,-28,-21,-30,-32,-29,-30,-20,-23,-32,-31,-31,-24,-19,-27,-13,-30,-31,-34,-39,-21,-19,-21,-23,-27,-27,-33,-34,-24,-27,-31,-31,-25,-31,-27,-30,-16,-29,-32,-36,-27,-27,-20,-31,-38,-30,-27,-27,-32,-22,-25,-30,-25,-30,-31,-27,-23,-30,-34,-29,-29,-16,-21,-16,-28,-21,-27,-33,-34,-31,-35,-26,-31,-20,-34,-31,-37,-24,-23,-26,-34,-17,-22,-33,-32,-27,-31,-23,-27,-12,-25,-30,-29,-26,-29,-27,-26,-33,-24,-40,-26,-12,-39,-32,-26,-33,-27,-31,-33,-27,-35,-27,-25,-31,-31,-23,-27,-28,-21,-29,-10,-29,-33,-25,-25,-26,-28,-28,-26,-30,-28,-35,-30,-31,-37,-27,-38,-14,-34,-23,-26,-38,-22,-38,-34,-28,-29,-29,-32,-37,-28,-22,-32,-17,-37,-24,-19,-38,-33,-33,-27,-18,-27,-28,-42,-33,-34,-36,-27,-35,-36,-33,-23,-35,-23,-32,-36,-32,-24,-31,-25,-25,-28,-25,-25,-24,-36,-27,-32,-26,-27,-26,-43,-27,-40,-34,-31,-26,-31,-30,-31,-23,-27,-23,-30,-22,-29,-29,-20,-28,-24,-22,-31,-25,-28,-24,-41,-32,-34,-25,-30,-28,-33,-28,-30,-42,-37,-31,-18,-25,-33,-34,-28,-37,-27,-30,-29,-25,-22,-27,-19,-26,-41,-31,-36,-32,-37,-30,-30,-14,-32,-31,-24,-24,-35,-27,-29,-36,-17,-26,-26,-27,-31,-22,-26,-33,-27,-32,-18,-30,-35,-27,-37,-28,-31,-30,-23,-27,-29,-30,-31,-29,-25,-20,-32,-19,-23,-40,-26,-26,-31,-31,-21,-28,-17,-20,-31,-30,-28,-27,-31,-18,-25,-36,-30,-21,-23,-25,-25,-35,-36,-33,-26,-30,-24,-34,-30,-35,-26,-26,-37,-28,-26,-28,-40,-20,-30,-25,-24,-39,-22,-34,-23,-29,-35,-25,-37,-23,-35,-31,-26,-18,-36,-23,-24,-34,-27,-31,-27,-26,-26,-34,-31,-39,-35,-23,-28,-34,-31,-29,-23,-37,-34,-17,-33,-30,-29,-24,-30,-10,-32,-25,-25,-19,-26,-15,-29,-39,-33,-17,-30,-25,-26,-32,-36,-34,-14,-26,-36,-29,-34,-29,-35,-29,-27,-25,-31,-23,-25,-25,-25,-32,-42,-15,-35,-21,-26,-17,-34,-29,-16,-21,-25,-20,-28,-21,-25,-28,-33,-22
-26,-36,-39,-23,-36,-25,-19,-21,-30,-25,-30,-35,-34,-20,-26,-29,-34,-36,-32,-30,-26,-32,-33,-35,-33,-29,-38,-24,-44,-15,-31,-34,-23,-37,-29,-27,-26,-26,-29,-22,-43,-30,-32,-28,-25,-34,-34,-30,-29,-30,-32,-25,-33,-26,-30,-33,-32,-30,-29,-24,-20,-23,-24,-23,-38,-19,-34,-22,-32,-41,-36,-25,-32,-28,-37,-29,-43,-28,-27,-34,-34,-29,-21,-39,-31,-38,-23,-34,-26,-23,-35,-31,-23,-26,-33,-28,-28,-26,-34,-30,-19,-28,-26,-27,-29,-27,-24,-24,-23,-37,-18,-29,-23,-32,-44,-25,-16,-21,-22,-36,-23,-31,-23,-31,-20,-25,-22,-26,-26,-36,-24,-26,-30,-44,-31,-26,-27,-29,-30,-31,-27,-34,-27,-22,-36,-27,-22,-26,-14,-34,-40,-28,-26,-27,-27,-29,-32,-31,-26,-27,-26,-28,-21,-17,-21,-40,-24,-31,-23,-19,-34,-30,-28,-32,-25,-39,-26,-27,-24,-27,-30,-23,-29,-39,-36,-30,-32,-37,-32,-40,-22,-31,-35,-43,-32,-25,-28,-31,-18,-18,-16,-22,-28,-33,-32,-31,-21,-23,-24,-20,-27,-28,-30,-30,-32,-32,-27,-24,-25,-36,-25,-34,-28,-19,-28,-30,-18,-28,-36,-31,-27,-33,-22,-29,-19,-40,-28,-20,-27,-35,-26,-21,-36,-33,-20,-29,-28,-22,-18,-29,-20,-23,-32,-34,-17,-22,-27,-27,-15,-29,-26,-29,-30,-26,-33,-25,-33,-28,-30,-27,-21,-28,-33,-29,-30,-21,-27,-26,-24,-25,-33,-27,-28,-30,-20,-14,-30,-20,-32,-32,-36,-29,-30,-23,-14,-30,-29,-15,-24,-23,-32,-32,-31,-29,-35,-29,-32,-39,-23,-18,-18,-33,-19,-22,-23,-28,-34,-27,-34,-27,-31,-31,-22,-13,-27,-24,-20,-34,-28,-32,-28,-26,-26,-40,-21,-32,-34,-21,-29,-35,-32,-32,-23,-39,-23,-27,-34,-46,-35,-25,-33,-26,-28,-31,-48,-33,-20,-30,-26,-31,-20,-32,-31,-24,-21,-38,-17,-25,-19,-27,-30,-24,-24,-26,-33,-29,-24,-28,-31,-40,-34,-32,-22,-27,-28,-30,-30,-22,-29,-23,-38,-31,-24,-31,-22,-28,-18,-32,-28,-25,-20,-24,-33,-21,-32,-31,-23,-41,-37,-18,-37,-23,-41,-37,-37,-25,-35,-29,-33,-23,-32,-31,-29,-25,-27,-35,-21,-25,-22,-22,-28,-24,-26,-29,-35,-22,-33,-20,-34,-29,-23,-29,-29,-35,-23,-24,-29,-37,-24,-33,-23,-35,-15,-40,-29,-29,-33,-23,-30,-31,-37,-22,-26,-42,-34,-19,-28,-27,-37,-27,-27,-26,-17,-31,-24,-34,-24,-32,-27,-30,-41,-26,-24,-33,-32,-36,-34,-26,-26,-26,-26,-32,-30,-30,-33,-27,-34,-28,-20,-25,-23,-31,-31,-31,-24,-36,-30,-36,-38,-34,-32,-24,-30,-23,-36,-38,-30,-25,-20,-26,-27,-26,-27,-29,-30,-34,-20,-32,-33,-25,-18,-35,-32,-21,-29,-29,-35,-23,-37,-27,-22,-33,-23,-24,-29,-33,-30,-16,-43,-29,-29,-33,-32,-19,-29,-30,-23,-27,-32,-28,-27,-33,-25,-34,-35,-40,-35,-32,-27,-27,-35,-33,-21,-34,-20,-31,-22,-25,-23,-25,-33,-29,-31,-30,-30,-34,-27,-25,-20,-18,-43,-24,-22,-24,-28,-19,-27,-26,-36,-22,-28,-26,-27,-20,-20,-33,-30,-27,-32,-29,-24,-27,-19,-33,-29,-25,-27,-33,-30,-32,-34,-21,-21,-32,-24,-23,-27,-23,-27,-34,-32,-36,-34,-28,-30,-23,-34,-30,-32,-35,-37,-24,-35,-17,-27,-35,-32,-33,-21,-27,-27,-22,-24,-16,-29,-23,-30,-36,-20,-30,-27,-36,-26,-16,-26,-38,-28,-30,-20,-23,-26,-33,-36,-33,-31,-23,-18,-34,-21,-28,-15,-37,-34,-30,-21,-18,-34,-31,-33,-26,-23,-24,-40,-37,-34,-30,-25,-23,-30,-27,-24,-27,-13,-20,-22,-19,-27,-27,-30,-35,-33,-35,-27,-29,-28,-26,-17,-33,-28,-30,-29,-31,-30,-26,-29,-38,-26,-20,-26,-27,-30,-18,-35,-19,-41,-36,-25,-33,-28,-24,-23,-35,-35,-25,-16,-28,-24,-21,-10,-26,-32,-25,-33,-27,-19,-25,-22,-28,-32,-33,-22,-34,-25,-30,-31,-38,-34,-35,-18,-29,-29,-35,-26,-27,-29,-22,-45,-18,-20,-20,-26,-37,-24,-26,-25,-19,-28,-34,-16,-38,-23,-30,-32,-27,-22,-24,-34,-29,-32,-19,-21,-36,-25,-25,-20,-32,-26,-37,-24,-21,-28,-20,-37,-23,-16,-29,-28,-29,-22,-24,-30,-26,-36,-24,-25,-24,-29,-25,-23,-34,-29,-29,-35,-40,-28,-28,-29,-27,-31,-28,-23,-14,-35,-33,-24,-24,-28,-27,-28,-36,-36,-35,-20,-37,-28,-23,-30,-27,-22,-43,-28,-24,-23,-32,-30,-30,-31,-12,-23,-35,-23,-29,-23,-32,-36,-25,-30,-28,-23,-23,-23,-31,-27,-33,-25,-25,-33,-41,-32,-33,-32,-17,-33,-20,-24,-22,-28,-28,-35,-25,-29,-32,-35,-28,-27,-24,-29,-33,-20,-27,-33,-34,-19,-20,-28,-35,-25,-28,-18,-25,-27,-22,-19,-31,-35,-21,-34,-19,-40,-30,-27,-33,-28,-32,-24,-21,-25,-25,-29,-17,-26,-31,-32,-43,-20,-25,-24,-33,-25,-29,-31,-15,-17,-31,-34,-36,-32,-33,-33,-32,-35,-24,-26,-29,-39,-24,-17,-31,-35,-25,-30,-25,-20,-29,-38,-30,-32,-29,-22,-32,-35,-21,-21,-35,-34,-36,-27,-18,-21,-29,-33,-24,-34,-30,-32,-24,-33,-29,-32,-33
-24,-34,-24,-25,-18,-33,-25,-33,-37,-24,-31,-22,-33,-29,-30,-19,-26,-35,-33,-32,-25,-23,-37,-30,-28,-25,-33,-24,-36,-29,-24,-22,-32,-24,-23,-27,-20,-37,-29,-34,-26,-26,-33,-28,-34,-25,-26,-29,-26,-18,-26,-24,-30,-28,-30,-35,-26,-24,-25,-27,-28,-37,-21,-26,-26,-33,-27,-24,-16,-39,-23,-24,-25,-27,-27,-15,-22,-26,-31,-17,-24,-22,-21,-27,-24,-28,-40,-23,-28,-25,-31,-25,-25,-24,-25,-21,-36,-21,-40,-27,-24,-39,-25,-32,-32,-29,-27,-25,-26,-41,-21,-25,-32,-35,-29,-24,-30,-25,-26,-25,-26,-20,-20,-21,-33,-28,-37,-30,-27,-31,-22,-37,-31,-32,-31,-20,-25,-27,-42,-20,-14,-22,-23,-21,-34,-32,-24,-36,-29,-39,-23,-28,-20,-16,-25,-21,-24,-26,-11,-29,-35,-22,-38,-14,-24,-33,-22,-20,-25,-33,-38,-23,-24,-29,-28,-29,-34,-35,-36,-19,-33,-15,-30,-30,-20,-28,-27,-27,-28,-31,-27,-36,-18,-17,-22,-37,-20,-25,-24,-36,-29,-26,-33,-25,-30,-26,-26,-36,-26,-31,-33,-24,-30,-47,-29,-22,-24,-26,-26,-30,-28,-33,-26,-27,-19,-36,-31,-38,-39,-29,-31,-36,-33,-23,-36,-35,-31,-25,-29,-23,-23,-22,-17,-28,-31,-26,-31,-27,-41,-36,-34,-35,-34,-26,-32,-36,-25,-35,-27,-21,-28,-34,-34,-23,-29,-31,-31,-24,-31,-21,-22,-26,-28,-14,-21,-31,-22,-27,-24,-23,-21,-35,-30,-37,-30,-32,-40,-35,-26,-23,-33,-21,-36,-37,-35,-15,-24,-22,-32,-28,-19,-21,-34,-31,-25,-23,-30,-30,-22,-29,-33,-30,-30,-25,-30,-31,-23,-20,-34,-24,-30,-37,-25,-31,-30,-42,-27,-22,-33,-23,-38,-28,-31,-16,-31,-27,-29,-24,-30,-30,-19,-33,-18,-31,-35,-24,-30,-24,-29,-24,-15,-29,-35,-33,-37,-23,-39,-29,-31,-30,-21,-22,-26,-45,-33,-25,-41,-27,-30,-36,-37,-30,-24,-21,-35,-21,-26,-38,-21,-23,-22,-30,-32,-23,-23,-20,-14,-37,-20,-26,-31,-35,-26,-24,-30,-28,-33,-26,-25,-41,-27,-33,-34,-37,-33,-22,-33,-17,-26,-34,-17,-22,-24,-26,-36,-35,-32,-27,-25,-22,-28,-32,-39,-23,-19,-28,-30,-33,-34,-32,-26,-24,-25,-36,-27,-24,-34,-30,-33,-25,-32,-24,-20,-23,-36,-22,-25,-33,-21,-26,-38,-34,-36,-29,-19,-34,-36,-23,-26,-26,-22,-34,-29,-31,-29,-32,-31,-29,-18,-19,-24,-22,-28,-25,-29,-36,-20,-26,-27,-28,-35,-25,-30,-24,-31,-28,-22,-29,-30,-24,-20,-29,-33,-25,-30,-23,-29,-26,-25,-46,-35,-30,-36,-33,-30,-27,-35,-28,-22,-28,-27,-25,-34,-26,-33,-17,-22,-36,-26,-22,-15,-23,-12,-27,-29,-27,-29,-26,-26,-36,-35,-37,-30,-38,-34,-30,-26,-34,-27,-32,-28,-25,-34,-30,-17,-19,-19,-25,-25,-24,-21,-24,-17,-32,-32,-23,-23,-27,-37,-20,-20,-35,-31,-27,-23,-25,-23,-28,-29,-19,-23,-29,-33,-32,-31,-14,-29,-35,-27,-30,-29,-29,-46,-25,-29,-24,-33,-25,-31,-30,-25,-24,-24,-25,-38,-20,-25,-30,-32,-24,-25,-33,-33,-25,-26,-33,-24,-29,-44,-32,-29,-27,-36,-16,-22,-38,-33,-29,-36,-34,-32,-33,-34,-32,-19,-22,-21,-37,-28,-13,-29,-28,-23,-29,-31,-36,-29,-32,-29,-18,-23,-35,-26,-28,-32,-26,-32,-35,-27,-32,-33,-26,-34,-28,-30,-17,-25,-27,-28,-31,-28,-41,-34,-35,-25,-22,-39,-21,-38,-32,-28,-31,-26,-27,-32,-21,-28,-32,-34,-34,-40,-25,-21,-28,-32,-29,-21,-29,-37,-34,-17,-31,-27,-26,-22,-29,-29,-25,-27,-22,-34,-18,-23,-29,-27,-27,-31,-25,-27,-29,-30,-24,-29,-19,-32,-18,-31,-25,-23,-35,-27,-31,-23,-21,-32,-19,-30,-20,-15,-24,-19,-30,-28,-21,-26,-22,-38,-31,-24,-32,-22,-32,-25,-24,-18,-32,-23,-27,-27,-23,-28,-29,-33,-24,-27,-26,-28,-34,-33,-37,-15,-20,-20,-20,-20,-31,-21,-27,-24,-28,-17,-24,-27,-19,-38,-26,-31,-29,-30,-38,-29,-31,-30,-30,-35,-40,-28,-27,-16,-22,-34,-35,-18,-16,-32,-21,-18,-30,-29,-19,-19,-29,-34,-25,-36,-39,-36,-27,-24,-22,-34,-34,-23,-23,-15,-30,-19,-30,-25,-39,-33,-40,-32,-35,-30,-26,-32,-21,-34,-28,-15,-33,-26,-18,-33,-27,-22,-25,-23,-37,-36,-36,-23,-26,-17,-36,-29,-24,-20,-28,-28,-28,-23,-40,-30,-30,-25,-20,-22,-27,-37,-39,-42,-30,-32,-30,-24,-34,-32,-31,-26,-22,-35,-21,-17,-37,-25,-26,-14,-22,-31,-31,-32,-16,-16,-29,-25,-28,-23,-29,-26,-24,-21,-31,-24,-23,-33,-29,-22,-23,-31,-18,-24,-24,-40,-31,-34,-35,-28,-26,-22,-33,-31,-33,-35,-31,-30,-30,-31,-30,-31,-24,-35,-40,-24,-27,-19,-28,-37,-23,-26,-25,-27,-40,-27,-35,-26,-27,-28,-28,-28,-33,-18,-28,-33,-29,-21,-26,-24,-23,-23,-29,-15,-27,-32,-25,-31,-25,-32,-27,-33,-34,-28,-33,-18,-33,-17,-33,-21,-33,-27,-22,-26,-35,-35,-32,-31,-29,-26,-48,-20,-28,-24,-31,-29,-21,-31,-20,-18,-21,-24,-23,-38,-22,-28,-35,-30,-31,-16,-33
-29,-26,-32,-24,-15,-27,-29,-30,-30,-26,-25,-20,-23,-32,-36,-21,-23,-24,-16,-32,-31,-21,-30,-30,-31,-21,-18,-32,-28,-26,-34,-22,-25,-18,-31,-32,-30,-35,-28,-31,-35,-23,-32,-29,-29,-28,-37,-19,-35,-21,-30,-26,-26,-31,-26,-29,-22,-24,-29,-22,-29,-16,-23,-27,-31,-22,-41,-27,-25,-30,-33,-22,-40,-31,-29,-24,-22,-29,-28,-26,-34,-31,-25,-31,-34,-34,-22,-32,-29,-31,-25,-27,-26,-19,-27,-33,-21,-29,-26,-34,-31,-28,-25,-32,-19,-31,-29,-18,-29,-31,-41,-28,-35,-29,-32,-35,-21,-33,-25,-27,-36,-27,-25,-24,-34,-39,-15,-21,-28,-32,-30,-21,-27,-30,-20,-39,-23,-25,-24,-23,-26,-14,-24,-15,-25,-32,-20,-40,-36,-34,-30,-36,-23,-15,-27,-26,-31,-33,-18,-27,-27,-21,-30,-32,-32,-28,-27,-26,-29,-34,-25,-36,-28,-27,-32,-31,-35,-32,-30,-28,-21,-19,-29,-28,-34,-18,-33,-26,-27,-29,-37,-28,-29,-27,-29,-30,-29,-28,-31,-28,-25,-24,-27,-36,-22,-38,-24,-21,-23,-33,-40,-31,-28,-34,-38,-24,-40,-20,-34,-18,-20,-18,-31,-28,-25,-35,-26,-33,-11,-27,-39,-30,-23,-20,-25,-30,-32,-19,-28,-29,-31,-34,-21,-35,-36,-39,-26,-26,-24,-18,-22,-33,-39,-23,-22,-34,-23,-35,-39,-41,-31,-22,-27,-27,-35,-23,-26,-33,-27,-28,-22,-28,-35,-34,-31,-23,-39,-26,-30,-20,-17,-24,-31,-23,-35,-25,-37,-30,-18,-29,-21,-34,-23,-33,-32,-30,-22,-27,-23,-28,-21,-31,-24,-34,-30,-35,-29,-32,-25,-36,-27,-21,-32,-30,-24,-24,-39,-42,-23,-27,-27,-17,-22,-33,-18,-27,-38,-32,-22,-23,-30,-28,-22,-18,-30,-24,-22,-23,-30,-20,-25,-38,-32,-36,-19,-29,-20,-22,-17,-28,-27,-43,-20,-37,-21,-20,-29,-22,-26,-34,-31,-21,-22,-33,-31,-29,-36,-31,-25,-23,-19,-28,-21,-31,-28,-30,-27,-28,-39,-27,-31,-29,-32,-30,-25,-27,-36,-36,-16,-26,-25,-26,-34,-31,-27,-26,-32,-26,-24,-33,-37,-27,-28,-21,-28,-12,-22,-22,-33,-28,-27,-29,-29,-24,-28,-24,-28,-29,-30,-22,-24,-29,-29,-31,-33,-20,-30,-25,-29,-35,-23,-30,-35,-27,-30,-26,-24,-20,-27,-23,-28,-30,-23,-29,-30,-19,-18,-24,-44,-26,-35,-33,-27,-27,-46,-33,-27,-22,-28,-19,-32,-29,-26,-23,-18,-29,-17,-27,-33,-39,-29,-23,-22,-39,-19,-40,-31,-16,-29,-36,-29,-20,-25,-31,-28,-35,-20,-27,-27,-22,-40,-21,-30,-29,-28,-27,-21,-26,-22,-21,-39,-24,-31,-19,-24,-23,-30,-28,-24,-27,-21,-31,-19,-18,-31,-22,-29,-19,-29,-33,-26,-25,-37,-33,-37,-34,-24,-19,-33,-26,-23,-25,-28,-21,-34,-23,-22,-25,-33,-26,-26,-18,-28,-29,-29,-22,-37,-30,-28,-30,-28,-28,-35,-22,-41,-24,-29,-44,-27,-22,-32,-31,-28,-25,-22,-23,-30,-31,-31,-34,-28,-34,-31,-44,-36,-39,-26,-14,-39,-22,-27,-30,-32,-21,-32,-29,-23,-19,-30,-35,-26,-34,-24,-23,-35,-30,-37,-25,-26,-21,-32,-25,-21,-35,-19,-22,-29,-37,-30,-33,-27,-21,-33,-36,-28,-21,-33,-38,-34,-33,-31,-34,-25,-29,-30,-28,-15,-28,-21,-25,-33,-27,-39,-23,-30,-37,-25,-29,-25,-28,-25,-29,-27,-22,-37,-35,-22,-23,-40,-16,-36,-30,-20,-27,-13,-28,-35,-36,-25,-31,-23,-34,-30,-20,-15,-32,-30,-22,-23,-28,-29,-27,-42,-27,-23,-26,-30,-32,-28,-37,-22,-22,-26,-28,-34,-36,-20,-20,-32,-35,-31,-22,-31,-30,-31,-35,-31,-19,-29,-27,-26,-24,-26,-28,-37,-37,-27,-25,-41,-25,-35,-21,-24,-31,-35,-34,-25,-32,-16,-23,-15,-28,-33,-39,-36,-27,-38,-38,-30,-34,-33,-31,-29,-14,-27,-22,-34,-16,-25,-29,-26,-32,-28,-23,-22,-34,-29,-25,-38,-30,-23,-25,-24,-28,-24,-24,-29,-36,-39,-27,-26,-30,-24,-24,-36,-29,-36,-18,-30,-28,-20,-28,-23,-28,-24,-33,-23,-31,-29,-43,-36,-25,-25,-34,-30,-30,-24,-34,-23,-43,-24,-16,-21,-24,-25,-30,-30,-31,-18,-35,-33,-28,-43,-30,-28,-20,-30,-31,-24,-29,-34,-24,-27,-36,-17,-18,-26,-30,-32,-27,-26,-27,-28,-23,-36,-35,-29,-12,-24,-24,-32,-31,-30,-24,-32,-33,-32,-41,-28,-21,-39,-34,-28,-32,-35,-31,-43,-32,-31,-29,-36,-23,-24,-35,-19,-25,-28,-29,-29,-28,-35,-28,-28,-24,-27,-20,-24,-21,-30,-29,-23,-35,-30,-26,-26,-31,-20,-32,-23,-35,-24,-44,-28,-30,-28,-33,-30,-25,-24,-28,-28,-28,-22,-26,-31,-17,-31,-27,-33,-35,-31,-32,-40,-25,-28,-22,-34,-24,-26,-21,-23,-30,-29,-40,-29,-23,-32,-31,-33,-38,-23,-33,-34,-34,-18,-43,-25,-32,-30,-18,-31,-30,-33,-18,-40,-34,-37,-18,-34,-24,-36,-25,-27,-26,-35,-35,-33,-29,-28,-28,-20,-30,-33,-27,-25,-40,-29,-27,-29,-34,-23,-33,-40,-27,-29,-24,-25,-31,-24,-34,-33,-35,-30,-24,-30,-24,-41,-36,-25,-32,-29,-36,-28,-27,-24,-28,-32,-23,-32,-32,-25,-29,-37,-36,-44,-24,-21,-31,-27,-24
-35,-33,-24,-29,-21,-40,-28,-28,-37,-28,-26,-29,-23,-24,-26,-25,-15,-32,-31,-30,-18,-32,-27,-23,-36,-34,-28,-33,-24,-34,-32,-22,-24,-23,-26,-24,-34,-17,-34,-29,-24,-25,-20,-30,-39,-39,-33,-24,-16,-17,-30,-18,-28,-36,-21,-19,-24,-34,-24,-31,-30,-30,-20,-19,-30,-25,-30,-37,-29,-23,-41,-29,-28,-36,-32,-33,-34,-35,-23,-29,-25,-36,-31,-29,-27,-30,-27,-23,-23,-38,-33,-25,-28,-39,-38,-28,-29,-26,-30,-38,-28,-30,-30,-27,-13,-38,-25,-33,-36,-26,-38,-24,-28,-24,-27,-33,-26,-31,-31,-36,-34,-37,-32,-26,-26,-25,-33,-19,-28,-33,-42,-29,-12,-24,-36,-28,-31,-23,-31,-20,-22,-28,-29,-23,-36,-29,-29,-30,-29,-33,-27,-30,-35,-25,-27,-26,-30,-46,-43,-26,-27,-33,-25,-24,-31,-36,-21,-27,-30,-25,-27,-23,-36,-22,-34,-30,-32,-29,-34,-25,-21,-30,-38,-30,-31,-38,-34,-27,-36,-27,-25,-36,-23,-18,-35,-27,-20,-28,-40,-17,-30,-19,-36,-26,-29,-29,-20,-30,-17,-34,-28,-30,-29,-31,-22,-31,-31,-34,-30,-38,-25,-27,-24,-16,-27,-28,-27,-24,-27,-31,-26,-26,-27,-31,-29,-42,-19,-32,-25,-31,-21,-21,-26,-31,-34,-32,-21,-25,-28,-34,-34,-26,-25,-32,-32,-33,-33,-31,-30,-24,-20,-33,-30,-30,-24,-34,-34,-23,-27,-31,-28,-26,-36,-27,-31,-21,-38,-33,-15,-35,-24,-33,-31,-24,-23,-20,-21,-27,-28,-31,-31,-36,-30,-34,-25,-27,-21,-18,-36,-37,-30,-37,-23,-31,-22,-26,-30,-25,-32,-33,-36,-18,-26,-21,-30,-33,-24,-37,-27,-25,-24,-29,-34,-32,-15,-32,-23,-35,-36,-23,-22,-19,-23,-30,-31,-18,-28,-29,-33,-35,-28,-29,-29,-25,-24,-23,-32,-28,-25,-24,-36,-29,-39,-16,-30,-22,-31,-27,-28,-31,-39,-23,-30,-31,-26,-38,-28,-27,-23,-26,-26,-24,-28,-43,-25,-37,-38,-29,-36,-20,-27,-24,-32,-28,-40,-30,-32,-12,-28,-23,-28,-18,-34,-21,-25,-28,-21,-25,-23,-18,-32,-16,-25,-35,-22,-21,-20,-45,-34,-24,-23,-22,-29,-25,-25,-28,-20,-29,-33,-23,-30,-27,-42,-32,-20,-28,-20,-32,-40,-32,-29,-27,-23,-19,-36,-16,-24,-41,-23,-22,-29,-17,-23,-32,-25,-27,-44,-31,-26,-26,-26,-15,-22,-28,-28,-26,-24,-27,-30,-30,-43,-30,-42,-39,-38,-38,-30,-25,-41,-32,-23,-17,-15,-28,-33,-20,-24,-23,-26,-32,-22,-25,-29,-19,-29,-20,-34,-20,-34,-27,-41,-36,-35,-17,-26,-29,-30,-33,-45,-25,-28,-39,-34,-30,-22,-37,-25,-17,-27,-29,-34,-32,-30,-42,-18,-24,-29,-18,-19,-21,-25,-25,-34,-20,-23,-32,-31,-34,-28,-25,-26,-28,-29,-22,-42,-24,-28,-30,-23,-33,-30,-17,-30,-38,-34,-24,-33,-26,-33,-27,-29,-28,-43,-25,-21,-18,-27,-28,-27,-14,-25,-29,-20,-27,-32,-19,-21,-27,-33,-16,-33,-24,-25,-25,-32,-22,-35,-24,-30,-35,-35,-28,-38,-32,-32,-30,-31,-33,-37,-23,-35,-32,-27,-33,-35,-23,-30,-34,-38,-21,-25,-28,-19,-23,-31,-29,-24,-27,-20,-30,-23,-34,-22,-22,-35,-38,-33,-29,-35,-32,-33,-35,-30,-32,-29,-31,-27,-21,-37,-27,-25,-38,-29,-36,-39,-19,-31,-25,-43,-28,-22,-29,-30,-26,-29,-22,-29,-25,-38,-37,-35,-35,-22,-28,-34,-11,-22,-30,-34,-32,-22,-39,-30,-38,-32,-37,-22,-21,-28,-22,-31,-24,-32,-40,-30,-29,-32,-24,-24,-29,-35,-26,-17,-21,-28,-26,-31,-36,-21,-28,-20,-30,-20,-37,-31,-28,-34,-22,-32,-27,-28,-28,-40,-23,-32,-25,-30,-28,-25,-30,-33,-24,-28,-31,-24,-30,-33,-34,-26,-23,-25,-21,-34,-32,-34,-35,-31,-25,-27,-27,-25,-24,-36,-36,-35,-31,-19,-33,-32,-32,-33,-30,-28,-19,-31,-31,-22,-31,-14,-27,-21,-30,-29,-24,-19,-36,-17,-30,-33,-41,-35,-29,-24,-36,-21,-30,-31,-28,-35,-25,-29,-29,-40,-27,-28,-23,-32,-22,-11,-24,-22,-29,-22,-26,-28,-37,-31,-21,-36,-14,-27,-29,-22,-31,-30,-23,-30,-22,-16,-23,-25,-36,-36,-22,-26,-33,-29,-32,-33,-33,-38,-32,-27,-26,-26,-32,-32,-29,-38,-33,-40,-25,-27,-38,-23,-22,-32,-31,-31,-32,-25,-27,-21,-41,-23,-28,-22,-32,-20,-26,-38,-28,-24,-30,-27,-35,-35,-22,-22,-24,-30,-21,-27,-22,-28,-30,-24,-30,-31,-37,-25,-17,-32,-31,-32,-24,-29,-19,-26,-30,-30,-35,-30,-34,-19,-27,-29,-38,-28,-27,-24,-31,-35,-24,-27,-40,-30,-21,-27,-32,-22,-26,-25,-28,-31,-29,-20,-25,-31,-16,-24,-29,-28,-33,-33,-23,-31,-24,-29,-34,-32,-31,-28,-23,-28,-28,-31,-33,-30,-30,-23,-40,-28,-33,-21,-31,-17,-20,-26,-25,-37,-24,-24,-35,-32,-29,-28,-28,-41,-36,-41,-27,-30,-33,-25,-26,-32,-34,-23,-29,-30,-39,-32,-33,-37,-20,-20,-18,-43,-23,-19,-32,-20,-22,-39,-32,-36,-26,-29,-26,-23,-23,-26,-19,-30,-29,-39,-33,-19,-20,-29,-28,-37,-27,-26,-33,-35,-34,-35,-24,-36,-22,-26,-31,-23,-26,-26,-25,-28,-30
-26,-26,-37,-22,-20,-17,-26,-29,-28,-21,-29,-32,-23,-35,-27,-26,-30,-25,-34,-18,-30,-42,-20,-39,-36,-25,-26,-29,-27,-29,-24,-40,-21,-26,-36,-40,-32,-29,-21,-25,-27,-29,-25,-33,-27,-29,-35,-30,-20,-33,-28,-24,-25,-28,-27,-22,-37,-33,-19,-22,-26,-24,-26,-36,-38,-35,-38,-33,-30,-37,-32,-34,-38,-35,-24,-29,-16,-31,-28,-28,-35,-27,-23,-17,-25,-38,-19,-31,-29,-24,-26,-24,-37,-24,-33,-29,-41,-32,-27,-32,-33,-30,-28,-30,-33,-25,-36,-35,-26,-47,-36,-30,-26,-31,-28,-21,-26,-30,-28,-35,-25,-31,-28,-26,-34,-28,-27,-32,-17,-30,-29,-38,-35,-29,-26,-23,-31,-33,-22,-36,-36,-34,-30,-29,-28,-28,-27,-19,-36,-27,-26,-23,-33,-30,-36,-19,-33,-29,-42,-23,-45,-31,-38,-23,-33,-25,-21,-30,-22,-31,-26,-21,-25,-25,-34,-26,-22,-36,-40,-30,-26,-28,-32,-33,-20,-34,-22,-25,-37,-34,-21,-21,-25,-38,-27,-38,-33,-21,-22,-34,-31,-30,-35,-23,-34,-25,-39,-26,-27,-25,-21,-23,-29,-38,-17,-38,-23,-16,-36,-26,-21,-26,-29,-25,-19,-33,-32,-32,-34,-34,-25,-28,-24,-30,-33,-23,-19,-34,-27,-32,-27,-24,-36,-35,-33,-23,-23,-22,-20,-20,-26,-30,-25,-31,-26,-29,-36,-24,-26,-27,-41,-36,-26,-22,-29,-21,-23,-32,-34,-34,-23,-23,-32,-37,-37,-20,-27,-22,-38,-26,-24,-27,-28,-24,-29,-39,-36,-22,-28,-26,-30,-20,-31,-25,-32,-31,-23,-26,-35,-24,-27,-34,-39,-31,-31,-24,-32,-24,-19,-22,-29,-26,-26,-24,-27,-29,-23,-29,-23,-31,-35,-29,-32,-34,-27,-17,-22,-28,-25,-30,-25,-26,-24,-31,-21,-27,-22,-29,-22,-27,-31,-22,-29,-34,-22,-26,-26,-24,-27,-19,-27,-21,-24,-26,-32,-30,-25,-27,-44,-26,-34,-27,-16,-31,-15,-27,-26,-27,-28,-29,-27,-29,-22,-18,-29,-23,-35,-26,-39,-27,-23,-31,-28,-27,-28,-30,-26,-31,-31,-28,-25,-45,-28,-20,-31,-31,-25,-17,-29,-39,-30,-33,-22,-26,-36,-29,-27,-30,-27,-30,-33,-14,-31,-32,-23,-27,-31,-33,-26,-30,-33,-30,-38,-34,-31,-24,-38,-31,-26,-34,-22,-29,-24,-28,-31,-25,-35,-28,-28,-31,-35,-21,-32,-26,-30,-28,-10,-28,-19,-28,-30,-22,-27,-26,-21,-37,-36,-26,-27,-38,-30,-35,-32,-26,-38,-20,-29,-26,-30,-21,-27,-31,-30,-28,-28,-39,-39,-26,-29,-15,-27,-36,-22,-28,-33,-26,-28,-23,-26,-32,-31,-24,-28,-27,-24,-22,-28,-35,-35,-32,-22,-25,-27,-28,-24,-42,-25,-36,-21,-23,-23,-17,-28,-33,-26,-41,-32,-27,-35,-36,-20,-20,-18,-21,-12,-23,-27,-26,-19,-36,-27,-22,-30,-33,-27,-20,-32,-27,-42,-22,-26,-24,-30,-32,-33,-30,-17,-23,-32,-23,-26,-27,-21,-30,-24,-25,-31,-29,-19,-30,-36,-32,-23,-25,-25,-24,-34,-33,-32,-34,-29,-23,-22,-26,-23,-26,-21,-35,-25,-21,-23,-31,-31,-25,-24,-32,-18,-29,-28,-32,-28,-30,-32,-29,-34,-31,-41,-34,-36,-19,-30,-21,-32,-23,-19,-29,-28,-19,-33,-14,-29,-20,-29,-31,-26,-24,-26,-38,-26,-30,-19,-27,-29,-28,-24,-26,-20,-33,-31,-31,-29,-31,-33,-19,-19,-32,-36,-20,-28,-27,-26,-26,-37,-29,-28,-34,-47,-39,-19,-24,-27,-26,-29,-29,-18,-25,-26,-21,-44,-31,-21,-38,-35,-24,-26,-33,-37,-39,-37,-34,-20,-19,-31,-14,-26,-23,-29,-29,-30,-24,-34,-26,-32,-34,-24,-29,-22,-25,-25,-28,-8,-15,-29,-28,-27,-21,-28,-25,-25,-36,-24,-31,-23,-34,-22,-31,-27,-38,-27,-25,-22,-27,-23,-30,-29,-20,-25,-28,-25,-26,-25,-34,-22,-31,-34,-36,-28,-31,-23,-21,-28,-18,-31,-35,-26,-27,-29,-31,-26,-24,-25,-32,-22,-31,-29,-34,-16,-20,-26,-29,-23,-25,-22,-22,-26,-24,-23,-29,-36,-33,-26,-25,-32,-29,-27,-25,-17,-24,-26,-30,-36,-32,-27,-28,-23,-34,-22,-29,-30,-20,-33,-25,-34,-20,-28,-32,-33,-30,-31,-37,-31,-25,-34,-25,-30,-26,-32,-31,-30,-31,-44,-22,-31,-39,-39,-22,-27,-19,-23,-32,-29,-29,-39,-27,-30,-41,-29,-23,-30,-36,-24,-25,-43,-30,-35,-39,-25,-27,-33,-33,-22,-34,-30,-23,-24,-34,-19,-31,-29,-27,-25,-31,-24,-17,-27,-42,-18,-21,-23,-31,-21,-36,-32,-25,-37,-26,-29,-31,-29,-22,-35,-35,-34,-30,-28,-27,-33,-29,-43,-41,-24,-13,-32,-29,-35,-30,-19,-20,-32,-20,-28,-33,-29,-17,-18,-39,-29,-30,-33,-17,-30,-30,-29,-31,-31,-27,-32,-31,-16,-39,-23,-20,-35,-23,-34,-36,-20,-32,-22,-19,-30,-28,-20,-28,-39,-40,-35,-32,-18,-30,-27,-26,-26,-34,-27,-37,-15,-26,-30,-26,-30,-28,-29,-27,-27,-18,-33,-38,-24,-27,-34,-31,-29,-28,-21,-27,-24,-21,-29,-23,-27,-33,-28,-21,-27,-23,-18,-27,-32,-25,-41,-36,-22,-37,-24,-32,-42,-24,-31,-32,-27,-30,-26,-26,-37,-20,-35,-31,-35,-32,-35,-33,-26,-26,-27,-29,-28,-14,-20,-32,-23,-26,-25,-24,-21,-27,-29,-31,-27,-30
-25,-27,-22,-23,-30,-14,-27,-25,-18,-18,-28,-28,-28,-37,-33,-35,-26,-22,-26,-25,-27,-26,-28,-20,-31,-14,-24,-28,-18,-29,-26,-31,-29,-24,-29,-25,-20,-36,-35,-40,-27,-32,-21,-30,-28,-34,-26,-26,-20,-21,-28,-31,-25,-28,-25,-23,-26,-26,-15,-28,-20,-34,-32,-29,-29,-32,-23,-26,-25,-32,-26,-22,-45,-24,-27,-26,-20,-33,-35,-24,-35,-30,-27,-25,-39,-33,-33,-28,-27,-30,-28,-26,-28,-31,-28,-28,-26,-25,-32,-20,-31,-24,-39,-28,-38,-28,-22,-19,-32,-33,-30,-22,-30,-28,-29,-27,-22,-32,-28,-26,-26,-34,-26,-28,-39,-37,-32,-30,-26,-32,-30,-21,-26,-24,-35,-33,-34,-25,-21,-19,-27,-36,-23,-35,-26,-32,-39,-28,-32,-23,-36,-24,-36,-36,-23,-36,-31,-31,-37,-17,-30,-20,-34,-27,-33,-26,-17,-29,-38,-25,-30,-33,-23,-26,-23,-22,-37,-25,-25,-33,-34,-32,-28,-18,-39,-27,-22,-31,-32,-24,-15,-27,-18,-28,-24,-20,-15,-32,-25,-19,-28,-42,-33,-23,-27,-24,-29,-29,-36,-29,-36,-33,-32,-27,-30,-22,-38,-28,-19,-33,-36,-18,-22,-34,-22,-35,-34,-18,-37,-26,-25,-30,-40,-24,-24,-25,-19,-32,-33,-29,-27,-19,-20,-24,-31,-34,-32,-28,-17,-33,-25,-31,-28,-35,-30,-27,-19,-15,-23,-33,-39,-11,-19,-25,-19,-34,-23,-26,-28,-17,-28,-25,-41,-32,-28,-26,-28,-29,-21,-22,-26,-27,-37,-27,-36,-33,-25,-36,-24,-33,-22,-23,-26,-32,-29,-36,-25,-31,-31,-26,-27,-35,-20,-26,-28,-32,-37,-33,-32,-23,-21,-20,-21,-24,-26,-22,-33,-23,-20,-26,-23,-32,-34,-27,-30,-28,-26,-31,-15,-22,-25,-32,-30,-34,-38,-26,-22,-32,-25,-31,-31,-22,-28,-36,-38,-36,-27,-26,-31,-29,-28,-25,-34,-33,-21,-34,-33,-30,-30,-26,-29,-22,-20,-24,-21,-32,-22,-26,-44,-30,-21,-28,-39,-25,-30,-23,-17,-23,-32,-28,-27,-27,-21,-37,-28,-27,-27,-27,-27,-28,-23,-29,-21,-32,-30,-21,-32,-29,-26,-13,-26,-36,-25,-17,-25,-29,-34,-34,-22,-32,-13,-27,-31,-26,-29,-31,-21,-32,-24,-24,-21,-32,-33,-27,-38,-31,-24,-24,-20,-30,-27,-23,-29,-21,-27,-33,-24,-26,-33,-30,-23,-32,-25,-33,-29,-29,-28,-20,-20,-25,-36,-25,-29,-30,-23,-20,-39,-22,-26,-26,-34,-22,-28,-23,-26,-26,-30,-28,-41,-27,-26,-32,-30,-21,-29,-16,-31,-19,-22,-40,-15,-32,-26,-37,-27,-35,-26,-24,-36,-21,-28,-34,-29,-30,-29,-32,-29,-32,-19,-29,-30,-29,-27,-17,-22,-18,-24,-16,-34,-26,-27,-27,-31,-35,-30,-25,-32,-29,-20,-33,-33,-26,-25,-18,-20,-29,-27,-18,-32,-30,-28,-21,-33,-33,-30,-28,-19,-22,-37,-26,-31,-23,-29,-32,-21,-23,-25,-34,-21,-35,-26,-33,-26,-30,-23,-37,-27,-28,-29,-30,-20,-26,-29,-38,-27,-23,-39,-33,-33,-28,-23,-20,-25,-27,-16,-31,-30,-25,-26,-20,-40,-27,-23,-32,-39,-30,-32,-16,-36,-37,-30,-29,-27,-23,-39,-34,-27,-28,-37,-26,-27,-20,-23,-30,-27,-37,-29,-19,-23,-28,-34,-37,-25,-28,-21,-22,-23,-34,-20,-25,-36,-25,-28,-37,-32,-31,-26,-30,-19,-25,-22,-29,-30,-32,-38,-24,-34,-34,-30,-20,-28,-30,-23,-29,-21,-20,-21,-32,-27,-28,-19,-38,-22,-27,-28,-26,-24,-23,-31,-25,-23,-33,-22,-37,-24,-30,-32,-23,-28,-34,-23,-37,-23,-33,-26,-25,-24,-27,-19,-35,-32,-28,-36,-22,-39,-26,-25,-29,-22,-33,-31,-33,-28,-23,-28,-21,-23,-18,-24,-27,-31,-22,-44,-22,-22,-29,-22,-29,-29,-25,-38,-33,-25,-32,-40,-35,-16,-21,-35,-27,-21,-14,-32,-25,-25,-24,-28,-25,-26,-32,-25,-14,-37,-34,-30,-27,-27,-22,-19,-30,-41,-28,-25,-22,-29,-31,-21,-19,-26,-31,-37,-26,-29,-32,-29,-37,-29,-28,-22,-28,-26,-34,-37,-25,-33,-27,-20,-27,-29,-40,-31,-27,-41,-33,-22,-36,-27,-35,-24,-27,-36,-23,-23,-33,-32,-22,-33,-34,-29,-28,-23,-29,-17,-24,-27,-25,-30,-32,-34,-21,-22,-29,-38,-23,-24,-30,-27,-33,-22,-32,-38,-35,-32,-41,-15,-25,-29,-28,-38,-27,-25,-18,-42,-25,-17,-28,-35,-24,-32,-38,-35,-31,-27,-27,-27,-19,-25,-25,-34,-26,-15,-25,-24,-26,-40,-29,-34,-32,-31,-15,-31,-19,-22,-33,-31,-25,-22,-21,-36,-31,-38,-34,-31,-29,-31,-20,-34,-30,-31,-24,-34,-20,-34,-15,-25,-33,-42,-30,-27,-23,-20,-16,-40,-30,-24,-28,-22,-26,-34,-42,-26,-17,-22,-27,-26,-25,-26,-26,-24,-27,-27,-38,-43,-27,-26,-34,-32,-32,-26,-29,-31,-33,-26,-31,-24,-26,-30,-23,-31,-36,-34,-38,-16,-17,-23,-23,-23,-23,-24,-29,-23,-26,-26,-15,-33,-23,-25,-32,-30,-34,-31,-33,-25,-15,-39,-29,-25,-30,-24,-30,-28,-16,-35,-22,-25,-30,-29,-23,-25,-27,-22,-27,-29,-33,-31,-25,-35,-27,-29,-33,-28,-22,-37,-29,-21,-26,-27,-27,-29,-26,-29,-35,-35,-25,-22,-28,-33,-30,-36,-42,-26,-26,-37,-28,-26,-22,-41,-27,-36,-24
-43,-24,-28,-35,-23,-34,-22,-31,-25,-26,-28,-24,-34,-19,-26,-30,-31,-35,-38,-23,-32,-33,-22,-18,-30,-35,-24,-35,-23,-31,-33,-38,-24,-35,-34,-24,-23,-28,-30,-24,-31,-22,-22,-36,-33,-36,-27,-37,-27,-29,-30,-27,-21,-21,-31,-21,-30,-33,-20,-31,-22,-37,-27,-24,-12,-16,-26,-28,-32,-29,-15,-29,-35,-26,-39,-38,-34,-23,-25,-27,-17,-30,-26,-34,-30,-24,-29,-33,-25,-31,-25,-33,-40,-29,-36,-32,-31,-22,-41,-41,-24,-32,-30,-30,-28,-26,-45,-26,-20,-32,-27,-26,-27,-29,-25,-36,-27,-28,-28,-31,-23,-24,-31,-22,-36,-27,-24,-21,-28,-25,-34,-19,-32,-38,-31,-29,-34,-24,-34,-31,-30,-37,-31,-35,-23,-25,-30,-31,-36,-40,-27,-37,-36,-35,-31,-12,-27,-32,-21,-23,-37,-17,-38,-27,-24,-26,-25,-34,-29,-22,-24,-27,-26,-30,-26,-27,-38,-26,-30,-33,-24,-31,-25,-28,-28,-36,-40,-31,-42,-28,-31,-40,-19,-35,-35,-40,-23,-31,-25,-30,-26,-32,-34,-15,-28,-25,-30,-27,-24,-36,-33,-27,-31,-31,-25,-28,-31,-32,-35,-24,-26,-18,-27,-25,-42,-23,-37,-21,-26,-27,-36,-20,-18,-27,-24,-25,-17,-37,-27,-28,-22,-18,-25,-28,-25,-24,-25,-29,-29,-24,-37,-27,-29,-20,-24,-33,-37,-20,-24,-22,-35,-28,-31,-35,-12,-27,-26,-29,-34,-27,-22,-23,-25,-30,-33,-24,-23,-21,-30,-24,-35,-24,-34,-43,-30,-26,-30,-24,-25,-40,-36,-37,-26,-38,-29,-37,-28,-20,-37,-32,-18,-21,-27,-25,-25,-22,-32,-25,-34,-33,-20,-25,-25,-26,-28,-27,-30,-38,-27,-27,-35,-28,-21,-42,-30,-27,-31,-25,-23,-31,-25,-29,-19,-38,-25,-23,-32,-31,-32,-29,-20,-26,-29,-29,-12,-23,-31,-27,-22,-18,-38,-30,-20,-33,-17,-30,-22,-32,-25,-28,-29,-32,-28,-26,-28,-30,-38,-30,-33,-28,-26,-31,-24,-27,-27,-27,-41,-25,-22,-23,-22,-26,-27,-30,-32,-22,-34,-20,-20,-27,-22,-35,-30,-18,-18,-33,-31,-29,-26,-30,-24,-42,-32,-28,-42,-29,-29,-23,-30,-26,-35,-33,-32,-26,-40,-29,-46,-26,-26,-38,-41,-14,-15,-25,-25,-21,-39,-31,-37,-23,-29,-17,-14,-25,-32,-31,-18,-36,-29,-27,-42,-30,-31,-26,-33,-31,-23,-25,-35,-21,-31,-18,-26,-27,-24,-23,-22,-29,-26,-35,-37,-26,-21,-22,-22,-36,-16,-20,-18,-28,-27,-27,-27,-27,-21,-23,-24,-24,-28,-37,-27,-23,-27,-32,-35,-18,-17,-28,-21,-27,-21,-22,-18,-33,-34,-32,-27,-21,-34,-25,-29,-31,-29,-31,-33,-13,-28,-23,-28,-28,-27,-32,-25,-32,-25,-32,-28,-24,-31,-31,-25,-21,-29,-28,-16,-35,-27,-30,-25,-26,-16,-21,-24,-39,-44,-21,-28,-17,-15,-24,-30,-33,-22,-25,-13,-31,-25,-28,-46,-30,-31,-23,-17,-24,-26,-30,-19,-29,-34,-35,-37,-29,-23,-30,-36,-36,-28,-24,-24,-32,-26,-42,-39,-31,-23,-26,-31,-30,-26,-27,-16,-31,-22,-25,-28,-26,-34,-31,-31,-24,-26,-34,-29,-29,-32,-26,-27,-28,-32,-32,-21,-40,-25,-24,-23,-14,-20,-19,-28,-23,-25,-27,-28,-28,-28,-31,-41,-28,-37,-32,-16,-27,-31,-29,-29,-19,-26,-31,-35,-39,-21,-28,-28,-27,-35,-21,-27,-28,-26,-22,-35,-38,-28,-27,-18,-29,-24,-24,-24,-31,-26,-35,-22,-26,-23,-26,-32,-23,-35,-33,-33,-23,-27,-23,-31,-27,-27,-26,-28,-30,-25,-36,-27,-29,-18,-25,-32,-37,-19,-29,-32,-37,-24,-27,-20,-34,-21,-27,-32,-39,-30,-32,-27,-26,-11,-37,-23,-30,-26,-34,-31,-34,-31,-18,-29,-33,-25,-28,-38,-26,-33,-23,-26,-24,-35,-28,-40,-27,-28,-28,-32,-25,-30,-24,-32,-25,-30,-23,-26,-29,-29,-28,-24,-23,-21,-33,-35,-34,-30,-41,-25,-33,-28,-28,-28,-34,-32,-33,-22,-30,-27,-27,-27,-29,-36,-29,-17,-22,-31,-18,-26,-27,-17,-27,-25,-30,-32,-31,-38,-38,-25,-20,-36,-23,-21,-29,-20,-21,-19,-28,-24,-29,-18,-36,-36,-30,-30,-25,-26,-34,-23,-28,-34,-36,-24,-31,-30,-42,-28,-27,-17,-20,-34,-25,-13,-34,-26,-18,-25,-17,-33,-34,-29,-34,-37,-36,-40,-35,-27,-30,-27,-21,-26,-23,-30,-25,-37,-34,-35,-24,-25,-42,-25,-25,-20,-28,-29,-27,-26,-21,-40,-24,-31,-36,-15,-26,-29,-27,-24,-33,-29,-19,-23,-35,-39,-23,-22,-33,-33,-22,-40,-16,-32,-36,-25,-23,-19,-28,-34,-25,-30,-26,-19,-17,-35,-24,-19,-42,-27,-18,-14,-25,-33,-30,-28,-28,-34,-24,-21,-30,-26,-23,-23,-31,-27,-30,-28,-17,-22,-42,-24,-25,-27,-32,-21,-22,-30,-21,-32,-19,-28,-33,-36,-26,-34,-22,-25,-24,-24,-28,-32,-30,-38,-25,-41,-34,-21,-37,-22,-36,-18,-25,-23,-25,-27,-26,-39,-37,-17,-23,-27,-27,-21,-33,-30,-44,-25,-34,-36,-26,-33,-19,-23,-35,-31,-32,-20,-18,-29,-30,-36,-27,-30,-24,-29,-28,-35,-31,-33,-41,-38,-36,-25,-26,-24,-29,-29,-19,-29,-22,-32,-27,-29,-23,-19,-15,-30,-30,-17,-38,-30,-30,-27,-29,-25,-31,-27,-29,-26,-32
-20,-28,-36,-29,-28,-21,-28,-33,-28,-22,-35,-25,-25,-23,-19,-32,-22,-21,-35,-28,-28,-25,-28,-27,-37,-22,-23,-35,-32,-29,-22,-27,-20,-23,-24,-22,-25,-31,-26,-25,-16,-19,-31,-26,-29,-27,-25,-30,-32,-21,-31,-23,-32,-37,-25,-28,-28,-23,-28,-31,-29,-28,-26,-32,-29,-20,-35,-36,-34,-34,-27,-18,-33,-21,-25,-32,-30,-28,-22,-25,-40,-26,-21,-22,-32,-32,-27,-28,-23,-27,-35,-23,-13,-43,-32,-28,-23,-28,-30,-31,-33,-40,-27,-33,-34,-25,-25,-30,-21,-24,-22,-22,-22,-23,-23,-27,-32,-37,-29,-16,-26,-27,-27,-22,-19,-28,-25,-28,-28,-23,-31,-26,-16,-30,-26,-26,-28,-17,-29,-32,-25,-27,-36,-35,-29,-16,-36,-32,-31,-27,-19,-31,-27,-30,-30,-32,-35,-34,-31,-26,-27,-24,-29,-31,-31,-32,-32,-41,-34,-27,-26,-27,-25,-23,-17,-27,-31,-25,-35,-23,-27,-28,-20,-37,-22,-27,-31,-12,-19,-31,-20,-27,-39,-28,-26,-40,-19,-19,-32,-18,-23,-44,-24,-29,-34,-28,-32,-29,-34,-27,-12,-27,-32,-41,-17,-24,-25,-26,-27,-30,-35,-27,-34,-30,-36,-32,-25,-19,-27,-28,-26,-15,-25,-28,-29,-25,-30,-28,-19,-34,-29,-29,-38,-16,-38,-28,-31,-27,-21,-36,-32,-30,-24,-32,-31,-18,-32,-29,-26,-26,-23,-29,-27,-22,-31,-33,-34,-28,-28,-36,-23,-31,-23,-14,-28,-22,-32,-27,-36,-26,-28,-23,-34,-35,-25,-28,-34,-26,-25,-28,-24,-31,-32,-28,-27,-35,-22,-13,-36,-27,-29,-29,-34,-28,-34,-35,-34,-32,-10,-23,-29,-24,-38,-26,-22,-27,-28,-34,-30,-28,-31,-27,-32,-40,-32,-30,-25,-17,-43,-35,-31,-29,-27,-43,-20,-26,-28,-17,-46,-28,-34,-26,-37,-34,-20,-24,-30,-15,-20,-23,-27,-33,-20,-32,-30,-34,-23,-30,-26,-35,-37,-35,-27,-32,-13,-39,-32,-21,-25,-31,-33,-16,-25,-32,-27,-34,-27,-29,-20,-22,-21,-30,-22,-34,-25,-29,-22,-41,-19,-20,-32,-25,-28,-32,-22,-31,-17,-21,-27,-24,-31,-33,-36,-31,-32,-29,-39,-35,-27,-23,-28,-17,-31,-31,-27,-29,-33,-31,-25,-31,-24,-43,-32,-26,-27,-27,-22,-28,-31,-22,-23,-26,-34,-28,-38,-30,-22,-36,-31,-30,-25,-35,-32,-31,-21,-25,-31,-28,-35,-20,-30,-25,-28,-23,-19,-20,-37,-39,-23,-34,-26,-43,-24,-33,-22,-25,-23,-20,-30,-19,-34,-41,-23,-24,-21,-17,-32,-25,-43,-33,-24,-23,-33,-34,-31,-26,-30,-23,-38,-42,-21,-40,-22,-31,-25,-24,-30,-20,-24,-30,-35,-18,-26,-26,-32,-30,-28,-29,-34,-34,-24,-29,-30,-19,-24,-36,-24,-30,-41,-29,-32,-29,-30,-27,-29,-18,-31,-28,-22,-29,-30,-23,-24,-26,-23,-22,-33,-24,-30,-43,-18,-29,-31,-28,-32,-23,-23,-25,-24,-27,-24,-22,-28,-24,-27,-25,-40,-30,-15,-26,-23,-22,-27,-32,-26,-25,-25,-39,-25,-27,-27,-31,-18,-38,-27,-30,-26,-28,-32,-32,-26,-25,-30,-36,-39,-20,-27,-28,-30,-37,-23,-30,-21,-30,-35,-27,-36,-43,-29,-40,-42,-41,-41,-28,-28,-26,-29,-24,-33,-21,-27,-33,-29,-27,-21,-21,-37,-21,-31,-20,-20,-34,-28,-36,-39,-22,-27,-26,-41,-30,-25,-34,-28,-31,-21,-19,-32,-24,-28,-24,-23,-27,-32,-30,-26,-32,-20,-18,-15,-32,-38,-40,-33,-27,-26,-36,-28,-22,-33,-45,-16,-44,-31,-21,-25,-25,-33,-33,-23,-33,-29,-21,-28,-17,-22,-17,-17,-29,-37,-37,-22,-29,-32,-33,-26,-37,-25,-24,-28,-24,-18,-33,-29,-26,-13,-16,-17,-23,-22,-8,-38,-27,-39,-41,-24,-30,-35,-29,-29,-29,-37,-37,-32,-29,-33,-29,-29,-23,-21,-27,-35,-31,-33,-27,-29,-33,-33,-45,-21,-18,-20,-35,-32,-36,-33,-27,-29,-18,-18,-32,-33,-27,-32,-34,-22,-31,-18,-30,-27,-27,-16,-24,-22,-34,-23,-34,-36,-20,-25,-29,-30,-35,-25,-29,-22,-32,-20,-17,-24,-20,-34,-29,-38,-24,-28,-27,-31,-21,-19,-26,-27,-23,-26,-28,-32,-24,-24,-27,-21,-27,-22,-27,-28,-38,-28,-28,-21,-36,-22,-18,-30,-35,-16,-26,-40,-39,-30,-20,-29,-25,-24,-22,-29,-38,-22,-31,-27,-26,-31,-30,-32,-33,-35,-30,-22,-35,-29,-31,-29,-21,-19,-32,-33,-38,-22,-43,-32,-24,-32,-28,-31,-29,-30,-30,-44,-28,-27,-25,-21,-29,-36,-28,-35,-27,-26,-27,-34,-19,-28,-37,-36,-26,-26,-28,-30,-32,-27,-33,-20,-24,-24,-33,-13,-30,-24,-29,-31,-26,-31,-28,-23,-31,-29,-34,-22,-17,-29,-11,-19,-25,-23,-30,-27,-25,-32,-27,-22,-27,-22,-35,-33,-14,-31,-38,-39,-17,-31,-32,-29,-22,-24,-34,-34,-31,-29,-26,-33,-26,-22,-18,-27,-34,-24,-35,-25,-25,-32,-29,-30,-30,-20,-24,-22,-26,-22,-21,-26,-22,-27,-25,-26,-30,-37,-23,-25,-27,-19,-28,-32,-26,-31,-27,-25,-19,-24,-33,-28,-23,-31,-24,-19,-30,-23,-27,-25,-25,-15,-23,-24,-43,-30,-10,-36,-25,-21,-29,-28,-23,-23,-36,-24,-33,-28,-35,-29,-32,-21,-30,-18,-32,-20,-28,-26,-24,-24,-33,-38,-22,-40,-39
-31,-23,-21,-35,-31,-34,-23,-35,-21,-24,-36,-29,-35,-25,-21,-34,-35,-21,-23,-38,-27,-28,-23,-19,-28,-28,-29,-23,-26,-27,-20,-23,-26,-28,-24,-38,-18,-27,-24,-35,-15,-37,-25,-24,-22,-28,-32,-27,-30,-22,-22,-32,-24,-36,-25,-26,-23,-20,-29,-27,-22,-16,-23,-32,-39,-18,-34,-26,-39,-26,-22,-20,-37,-29,-28,-23,-32,-25,-26,-30,-29,-33,-19,-28,-25,-37,-27,-23,-32,-23,-34,-31,-27,-23,-27,-28,-29,-32,-25,-33,-34,-34,-29,-24,-25,-11,-29,-23,-29,-27,-33,-35,-36,-19,-26,-16,-24,-27,-34,-41,-26,-29,-24,-18,-18,-26,-36,-19,-25,-20,-30,-19,-16,-12,-17,-22,-28,-41,-31,-29,-24,-25,-30,-27,-28,-37,-26,-22,-34,-29,-28,-34,-32,-37,-34,-39,-25,-30,-38,-28,-26,-22,-39,-27,-34,-28,-21,-16,-29,-41,-28,-32,-31,-27,-33,-28,-34,-31,-27,-46,-38,-34,-37,-44,-30,-24,-25,-32,-21,-27,-27,-24,-39,-24,-31,-24,-41,-26,-24,-27,-31,-24,-25,-24,-31,-33,-25,-30,-22,-24,-29,-19,-25,-30,-18,-30,-25,-33,-29,-36,-20,-25,-23,-35,-26,-35,-22,-33,-35,-31,-18,-30,-21,-24,-32,-17,-24,-37,-22,-29,-26,-19,-33,-36,-33,-26,-33,-38,-19,-23,-37,-36,-40,-29,-26,-28,-32,-27,-17,-25,-30,-22,-18,-32,-35,-34,-20,-30,-23,-23,-31,-28,-19,-22,-27,-32,-29,-27,-30,-23,-29,-29,-26,-35,-15,-32,-33,-23,-26,-33,-32,-33,-33,-17,-26,-23,-21,-29,-31,-37,-21,-20,-29,-26,-31,-28,-35,-35,-26,-32,-31,-36,-23,-30,-33,-27,-32,-29,-33,-18,-33,-31,-26,-27,-31,-38,-24,-30,-28,-31,-30,-27,-35,-29,-27,-31,-28,-27,-40,-24,-40,-30,-27,-13,-31,-36,-23,-33,-21,-33,-25,-25,-25,-22,-20,-23,-25,-27,-23,-23,-32,-31,-21,-22,-29,-21,-31,-26,-33,-19,-12,-26,-24,-25,-33,-31,-26,-27,-37,-20,-24,-36,-30,-19,-22,-22,-30,-33,-19,-25,-29,-33,-34,-24,-43,-31,-22,-24,-29,-34,-38,-24,-27,-28,-25,-34,-37,-29,-32,-35,-33,-36,-41,-29,-30,-33,-31,-32,-14,-30,-26,-28,-29,-30,-18,-28,-26,-42,-22,-30,-29,-32,-26,-31,-26,-34,-24,-34,-25,-33,-23,-22,-26,-23,-45,-34,-28,-32,-29,-34,-23,-37,-31,-30,-30,-24,-36,-36,-42,-27,-29,-23,-25,-32,-33,-40,-35,-30,-34,-31,-29,-26,-29,-26,-24,-26,-33,-27,-26,-32,-37,-30,-20,-31,-31,-20,-33,-23,-21,-31,-28,-13,-31,-27,-24,-32,-28,-24,-14,-24,-21,-22,-29,-24,-35,-37,-27,-24,-32,-37,-13,-31,-27,-16,-30,-34,-29,-26,-33,-22,-31,-20,-46,-32,-36,-31,-20,-29,-32,-31,-30,-33,-35,-31,-35,-32,-27,-27,-25,-28,-36,-20,-32,-31,-36,-31,-37,-28,-29,-26,-35,-30,-37,-24,-23,-37,-31,-34,-30,-24,-20,-26,-34,-36,-26,-35,-39,-29,-31,-32,-29,-32,-32,-37,-23,-17,-29,-24,-24,-23,-22,-27,-43,-21,-23,-35,-30,-27,-25,-40,-38,-24,-29,-31,-27,-39,-36,-36,-20,-23,-29,-27,-32,-28,-24,-29,-34,-28,-38,-20,-29,-29,-32,-32,-26,-28,-31,-27,-33,-28,-38,-31,-27,-19,-34,-35,-14,-26,-26,-24,-22,-21,-33,-26,-19,-20,-35,-31,-25,-23,-22,-30,-22,-34,-28,-22,-28,-33,-33,-16,-33,-21,-37,-25,-28,-32,-15,-23,-22,-34,-32,-32,-33,-28,-25,-21,-20,-23,-26,-17,-17,-24,-21,-32,-35,-32,-21,-34,-26,-29,-25,-25,-32,-30,-35,-19,-23,-19,-40,-26,-36,-33,-23,-27,-22,-26,-19,-28,-18,-31,-20,-39,-19,-22,-21,-18,-34,-22,-29,-35,-32,-27,-18,-37,-24,-27,-8,-32,-22,-36,-33,-18,-29,-33,-17,-24,-14,-23,-47,-35,-27,-34,-32,-32,-31,-25,-44,-30,-26,-30,-29,-23,-38,-20,-30,-28,-33,-22,-32,-31,-26,-18,-36,-24,-35,-35,-32,-24,-37,-20,-32,-29,-28,-27,-34,-23,-32,-31,-21,-9,-23,-26,-23,-24,-26,-31,-18,-20,-25,-24,-26,-22,-32,-22,-24,-29,-34,-18,-40,-35,-28,-32,-33,-25,-36,-26,-21,-31,-26,-28,-18,-34,-33,-28,-34,-22,-25,-27,-35,-28,-36,-28,-31,-23,-21,-28,-27,-29,-32,-28,-30,-25,-35,-27,-27,-23,-25,-27,-32,-32,-26,-31,-33,-31,-25,-38,-38,-28,-35,-25,-42,-21,-26,-24,-14,-21,-36,-14,-33,-28,-28,-19,-33,-33,-33,-34,-31,-27,-25,-28,-23,-26,-26,-32,-33,-32,-29,-39,-33,-34,-37,-26,-40,-30,-25,-25,-23,-33,-36,-33,-24,-21,-32,-24,-24,-32,-25,-30,-22,-27,-31,-27,-34,-30,-25,-30,-26,-32,-21,-31,-29,-42,-32,-27,-23,-32,-37,-26,-19,-27,-37,-29,-20,-20,-36,-32,-28,-35,-32,-34,-35,-30,-24,-18,-36,-29,-21,-31,-33,-35,-22,-25,-39,-30,-29,-26,-39,-28,-21,-27,-26,-35,-23,-28,-29,-18,-24,-15,-39,-33,-29,-22,-34,-31,-30,-25,-25,-35,-25,-31,-41,-28,-33,-26,-30,-33,-25,-40,-34,-27,-33,-31,-27,-31,-32,-21,-36,-29,-33,-22,-28,-22,-21,-24,-33,-40,-36,-32,-31,-26,-18,-27,-31,-26,-28,-25,-18,-18,-21,-37
-22,-25,-32,-25,-33,-17,-24,-22,-33,-34,-37,-21,-23,-31,-19,-35,-23,-23,-31,-18,-20,-14,-24,-30,-25,-32,-35,-28,-26,-30,-26,-26,-27,-22,-29,-29,-27,-24,-33,-35,-38,-38,-32,-20,-34,-31,-26,-30,-16,-19,-21,-29,-39,-30,-23,-31,-19,-23,-24,-20,-29,-26,-34,-27,-22,-27,-25,-26,-27,-25,-30,-24,-28,-33,-22,-23,-30,-32,-17,-31,-24,-24,-23,-21,-22,-40,-27,-33,-26,-18,-31,-26,-32,-26,-30,-33,-31,-21,-32,-16,-23,-35,-25,-26,-24,-29,-29,-13,-18,-28,-25,-36,-26,-24,-28,-27,-32,-25,-39,-18,-23,-24,-27,-29,-23,-24,-19,-29,-27,-37,-41,-17,-37,-18,-26,-25,-26,-39,-20,-25,-30,-27,-21,-33,-35,-25,-28,-21,-33,-29,-27,-29,-27,-30,-36,-36,-18,-39,-30,-39,-22,-28,-25,-26,-29,-34,-16,-27,-22,-21,-23,-35,-21,-29,-24,-32,-40,-22,-34,-39,-23,-22,-31,-22,-31,-30,-28,-42,-29,-31,-24,-30,-23,-37,-26,-27,-18,-19,-28,-28,-29,-30,-22,-39,-36,-34,-41,-30,-23,-35,-38,-26,-26,-29,-25,-24,-25,-21,-25,-29,-21,-22,-23,-28,-29,-30,-28,-35,-26,-31,-27,-26,-24,-16,-27,-30,-31,-25,-24,-33,-28,-33,-24,-27,-27,-24,-35,-22,-17,-41,-27,-28,-31,-36,-27,-37,-34,-35,-29,-29,-17,-30,-35,-21,-24,-11,-21,-29,-30,-34,-25,-31,-32,-33,-30,-29,-35,-39,-26,-25,-24,-20,-29,-24,-28,-24,-23,-24,-30,-23,-23,-25,-36,-32,-25,-31,-26,-30,-33,-27,-22,-25,-24,-33,-32,-31,-20,-25,-28,-26,-34,-32,-24,-27,-27,-30,-24,-28,-23,-32,-31,-27,-35,-20,-27,-33,-30,-38,-33,-29,-28,-43,-19,-36,-26,-28,-27,-31,-24,-21,-29,-28,-27,-30,-42,-24,-22,-27,-26,-33,-32,-20,-19,-33,-29,-29,-33,-28,-21,-32,-31,-28,-22,-31,-25,-22,-34,-25,-24,-37,-26,-21,-23,-20,-25,-38,-21,-23,-25,-25,-31,-31,-24,-34,-27,-30,-33,-32,-21,-32,-29,-27,-33,-28,-18,-26,-33,-19,-36,-28,-33,-39,-17,-25,-36,-26,-18,-11,-30,-22,-36,-26,-32,-21,-31,-24,-28,-23,-21,-26,-30,-34,-18,-39,-29,-16,-24,-33,-29,-27,-32,-20,-27,-24,-16,-26,-28,-35,-38,-34,-19,-31,-22,-20,-22,-27,-26,-30,-22,-30,-25,-29,-29,-31,-28,-31,-19,-24,-36,-27,-28,-42,-20,-29,-31,-32,-38,-21,-21,-27,-28,-39,-39,-33,-35,-24,-37,-21,-22,-18,-29,-19,-33,-32,-30,-38,-23,-31,-31,-40,-43,-22,-31,-35,-26,-25,-20,-38,-26,-33,-19,-26,-29,-26,-20,-24,-31,-34,-22,-34,-35,-35,-18,-27,-26,-22,-26,-17,-28,-32,-34,-36,-36,-29,-33,-28,-25,-21,-30,-27,-35,-13,-29,-27,-26,-13,-33,-25,-29,-33,-21,-31,-23,-29,-26,-24,-32,-34,-35,-23,-21,-33,-38,-28,-25,-27,-26,-26,-35,-22,-15,-31,-36,-23,-25,-18,-30,-32,-14,-19,-32,-30,-26,-34,-21,-25,-15,-30,-25,-21,-30,-30,-37,-35,-33,-20,-29,-26,-39,-20,-26,-26,-35,-13,-29,-26,-26,-35,-26,-27,-30,-18,-35,-29,-22,-17,-20,-32,-20,-36,-41,-29,-40,-32,-32,-37,-40,-27,-20,-19,-21,-33,-18,-26,-25,-24,-22,-33,-26,-20,-35,-27,-15,-20,-23,-35,-25,-24,-22,-19,-34,-27,-42,-36,-28,-25,-30,-34,-30,-24,-21,-33,-38,-42,-19,-23,-25,-29,-21,-29,-25,-22,-24,-33,-33,-25,-25,-27,-33,-25,-33,-27,-20,-21,-32,-33,-25,-20,-31,-22,-35,-31,-14,-28,-24,-27,-29,-22,-37,-36,-36,-25,-28,-21,-25,-26,-22,-28,-40,-23,-31,-31,-30,-29,-34,-34,-24,-31,-21,-32,-24,-30,-38,-26,-21,-42,-36,-33,-22,-32,-14,-19,-32,-30,-37,-36,-34,-19,-26,-23,-28,-31,-28,-32,-31,-29,-32,-39,-20,-16,-31,-30,-19,-35,-32,-28,-29,-41,-22,-33,-30,-34,-43,-16,-24,-26,-32,-22,-33,-19,-17,-33,-30,-37,-31,-19,-27,-18,-26,-34,-16,-35,-31,-24,-19,-34,-21,-38,-34,-48,-22,-23,-44,-32,-29,-26,-26,-23,-22,-18,-26,-35,-22,-27,-22,-35,-29,-25,-23,-21,-25,-32,-38,-29,-23,-24,-36,-26,-27,-21,-26,-16,-36,-24,-24,-34,-30,-25,-35,-17,-28,-34,-23,-38,-28,-23,-34,-27,-33,-28,-33,-30,-32,-28,-26,-28,-28,-35,-26,-36,-27,-22,-27,-34,-42,-20,-27,-23,-15,-27,-23,-36,-33,-37,-38,-23,-24,-27,-25,-13,-23,-28,-25,-21,-25,-29,-12,-35,-11,-25,-26,-28,-27,-21,-27,-35,-28,-36,-20,-29,-18,-26,-32,-20,-34,-29,-35,-32,-20,-30,-28,-27,-29,-34,-35,-22,-24,-30,-29,-21,-25,-22,-37,-41,-17,-29,-27,-24,-33,-38,-32,-37,-32,-23,-29,-31,-24,-29,-22,-35,-26,-19,-19,-26,-21,-26,-26,-28,-28,-39,-22,-31,-22,-26,-28,-19,-17,-40,-44,-35,-31,-46,-27,-35,-30,-19,-29,-28,-18,-26,-27,-30,-33,-31,-29,-20,-30,-15,-32,-20,-34,-24,-29,-29,-26,-26,-27,-27,-21,-26,-27,-27,-28,-25,-21,-32,-33,-33,-29,-23,-18,-25,-25,-24,-22,-30,-31,-29,-34,-26,-23,-32,-19,-20,-26,-31,-36,-31,-27,-20
-25,-24,-40,-35,-24,-31,-37,-15,-32,-26,-22,-18,-34,-22,-23,-21,-19,-32,-27,-22,-27,-43,-23,-28,-24,-15,-26,-27,-33,-23,-20,-24,-22,-25,-28,-32,-24,-28,-25,-27,-37,-22,-24,-32,-27,-19,-33,-24,-30,-33,-37,-19,-26,-24,-21,-35,-31,-26,-35,-29,-17,-35,-19,-23,-23,-26,-30,-32,-29,-17,-29,-33,-24,-33,-29,-27,-26,-37,-33,-33,-27,-24,-24,-35,-21,-36,-33,-26,-16,-29,-26,-31,-23,-33,-34,-30,-34,-24,-25,-24,-34,-27,-25,-27,-34,-34,-28,-34,-20,-31,-24,-26,-34,-33,-34,-30,-30,-33,-31,-38,-20,-29,-21,-28,-34,-27,-28,-34,-27,-31,-23,-24,-20,-26,-36,-35,-31,-34,-33,-25,-23,-30,-28,-33,-38,-25,-29,-29,-21,-34,-16,-34,-20,-19,-23,-31,-27,-19,-25,-37,-21,-29,-29,-34,-24,-28,-34,-37,-23,-24,-23,-33,-21,-29,-25,-27,-35,-29,-24,-35,-26,-29,-46,-35,-32,-30,-32,-30,-27,-25,-35,-29,-22,-25,-27,-29,-31,-25,-27,-19,-26,-31,-35,-30,-21,-22,-35,-25,-24,-20,-26,-39,-25,-27,-24,-24,-19,-34,-26,-26,-21,-22,-36,-36,-28,-30,-19,-36,-27,-28,-15,-27,-30,-34,-27,-27,-34,-30,-34,-33,-34,-38,-21,-28,-26,-28,-20,-33,-41,-17,-34,-31,-39,-38,-18,-29,-23,-34,-37,-27,-33,-25,-17,-25,-30,-30,-29,-33,-20,-32,-27,-25,-28,-30,-37,-15,-21,-29,-26,-32,-30,-18,-24,-29,-37,-33,-32,-26,-35,-27,-26,-26,-30,-33,-44,-30,-26,-27,-26,-37,-21,-31,-32,-22,-31,-21,-34,-25,-27,-25,-24,-33,-22,-31,-26,-25,-32,-30,-26,-35,-32,-30,-34,-27,-30,-22,-22,-37,-30,-31,-25,-25,-28,-22,-29,-29,-21,-36,-35,-20,-20,-21,-38,-31,-23,-32,-26,-20,-31,-23,-21,-25,-27,-27,-30,-35,-21,-24,-36,-17,-27,-20,-30,-25,-30,-23,-33,-32,-27,-22,-31,-34,-28,-28,-27,-22,-31,-41,-22,-28,-34,-34,-26,-37,-29,-38,-20,-27,-23,-34,-32,-24,-21,-32,-22,-28,-31,-43,-23,-44,-32,-29,-36,-28,-39,-27,-30,-30,-25,-25,-37,-19,-29,-17,-13,-23,-23,-35,-30,-29,-28,-18,-31,-29,-30,-30,-27,-23,-22,-24,-31,-24,-26,-32,-40,-31,-34,-20,-28,-25,-23,-21,-29,-39,-29,-29,-28,-32,-24,-31,-36,-33,-24,-33,-26,-42,-36,-31,-34,-26,-28,-24,-32,-27,-27,-23,-26,-24,-33,-29,-32,-20,-39,-23,-35,-23,-25,-26,-30,-36,-27,-31,-36,-19,-26,-31,-32,-31,-37,-22,-28,-35,-28,-25,-30,-34,-31,-19,-28,-22,-23,-22,-37,-22,-30,-23,-35,-34,-34,-23,-31,-32,-24,-26,-23,-28,-25,-32,-24,-29,-22,-23,-24,-23,-19,-34,-32,-42,-21,-30,-28,-23,-29,-19,-34,-21,-31,-35,-25,-21,-31,-31,-26,-30,-16,-29,-35,-25,-35,-33,-26,-28,-34,-33,-35,-37,-17,-26,-32,-31,-31,-31,-22,-34,-29,-25,-36,-36,-27,-17,-23,-24,-33,-27,-17,-28,-17,-26,-30,-35,-33,-32,-26,-36,-28,-40,-34,-33,-31,-24,-13,-33,-34,-37,-32,-37,-31,-24,-31,-32,-22,-27,-25,-26,-35,-32,-31,-28,-30,-33,-26,-11,-30,-28,-33,-23,-26,-27,-20,-30,-28,-32,-34,-26,-26,-38,-34,-32,-29,-32,-32,-35,-25,-33,-16,-29,-24,-22,-39,-26,-17,-20,-29,-24,-25,-28,-30,-20,-26,-32,-30,-22,-33,-27,-31,-34,-40,-40,-18,-28,-38,-28,-30,-28,-29,-34,-36,-35,-21,-32,-18,-34,-35,-31,-33,-29,-19,-35,-25,-29,-33,-26,-21,-24,-27,-26,-29,-16,-29,-30,-17,-20,-30,-38,-27,-35,-31,-30,-31,-28,-44,-22,-35,-28,-33,-22,-27,-23,-24,-33,-28,-14,-28,-26,-17,-38,-22,-30,-20,-20,-31,-30,-29,-26,-34,-28,-36,-33,-33,-25,-23,-24,-25,-35,-26,-31,-33,-30,-31,-26,-37,-27,-26,-30,-29,-38,-33,-21,-26,-30,-30,-35,-24,-25,-25,-20,-17,-24,-17,-24,-28,-31,-20,-24,-32,-41,-22,-29,-30,-30,-38,-23,-27,-33,-24,-20,-20,-26,-29,-24,-24,-43,-22,-27,-30,-28,-26,-22,-37,-30,-29,-28,-25,-25,-38,-33,-20,-35,-26,-19,-30,-28,-34,-23,-33,-37,-33,-29,-29,-29,-19,-37,-20,-22,-18,-14,-34,-40,-28,-28,-27,-31,-23,-34,-25,-36,-31,-26,-25,-28,-25,-24,-29,-26,-29,-44,-28,-18,-39,-33,-31,-28,-24,-33,-23,-26,-28,-25,-29,-41,-28,-32,-36,-29,-16,-26,-29,-22,-28,-30,-25,-20,-16,-37,-27,-30,-23,-18,-19,-30,-26,-24,-31,-27,-28,-34,-30,-28,-28,-23,-25,-34,-24,-29,-31,-28,-21,-28,-31,-35,-38,-19,-29,-23,-29,-31,-33,-25,-35,-27,-35,-20,-17,-20,-21,-22,-30,-34,-21,-25,-28,-23,-29,-24,-23,-34,-38,-24,-28,-32,-29,-21,-35,-21,-35,-26,-39,-33,-26,-19,-23,-29,-28,-28,-33,-22,-22,-32,-34,-26,-36,-37,-16,-26,-18,-21,-26,-28,-22,-31,-20,-32,-20,-32,-40,-34,-28,-26,-17,-23,-31,-31,-30,-28,-25,-34,-26,-30,-24,-29,-20,-28,-33,-23,-24,-20,-24,-22,-33,-25,-40,-19,-28,-21,-32,-13,-25,-32,-27,-39,-16,-25,-16,-23,-27,-25,-24,-25,-34,-34
-42,-26,-36,-34,-22,-35,-25,-28,-31,-32,-27,-31,-25,-18,-21,-40,-34,-23,-34,-24,-28,-21,-30,-22,-26,-32,-49,-32,-20,-15,-34,-30,-31,-29,-22,-30,-28,-32,-37,-22,-23,-19,-17,-27,-22,-28,-30,-33,-19,-40,-33,-38,-35,-32,-27,-31,-32,-33,-24,-34,-26,-17,-21,-29,-29,-23,-18,-27,-25,-26,-27,-32,-26,-33,-33,-34,-33,-24,-30,-30,-41,-32,-23,-20,-28,-30,-25,-21,-31,-26,-20,-26,-32,-18,-28,-32,-23,-36,-19,-31,-31,-29,-30,-30,-29,-22,-42,-25,-25,-17,-28,-21,-28,-20,-32,-30,-30,-33,-20,-27,-34,-23,-26,-28,-36,-25,-21,-22,-36,-24,-31,-26,-27,-27,-21,-32,-38,-26,-27,-26,-31,-36,-33,-28,-26,-21,-25,-38,-26,-31,-30,-33,-22,-30,-43,-18,-18,-29,-11,-24,-30,-27,-37,-34,-31,-30,-24,-23,-20,-24,-22,-27,-28,-31,-38,-16,-17,-42,-19,-34,-29,-30,-32,-28,-23,-33,-17,-43,-26,-30,-29,-33,-23,-28,-35,-34,-29,-31,-25,-29,-33,-36,-29,-28,-33,-41,-26,-26,-24,-30,-26,-23,-25,-41,-32,-26,-23,-18,-29,-31,-34,-26,-39,-37,-22,-21,-37,-30,-29,-40,-37,-24,-27,-30,-25,-25,-22,-19,-36,-30,-31,-36,-27,-32,-32,-22,-30,-28,-28,-26,-34,-30,-21,-21,-21,-21,-22,-32,-25,-29,-35,-35,-37,-27,-25,-31,-32,-31,-28,-25,-25,-29,-23,-24,-30,-47,-26,-23,-22,-33,-31,-34,-40,-27,-30,-25,-38,-27,-30,-37,-34,-35,-27,-27,-30,-29,-27,-33,-24,-31,-21,-36,-31,-25,-25,-35,-31,-30,-27,-24,-26,-32,-36,-33,-24,-31,-27,-17,-21,-25,-21,-30,-36,-30,-28,-22,-30,-33,-20,-24,-30,-35,-31,-40,-27,-29,-22,-26,-22,-20,-25,-31,-32,-26,-33,-34,-32,-34,-21,-24,-22,-25,-28,-33,-40,-29,-32,-30,-20,-17,-23,-24,-35,-30,-17,-27,-22,-26,-24,-23,-16,-32,-19,-26,-18,-30,-27,-27,-27,-31,-18,-32,-26,-30,-35,-23,-31,-31,-31,-28,-29,-27,-35,-34,-29,-18,-36,-29,-26,-27,-23,-27,-38,-30,-36,-34,-36,-34,-19,-36,-31,-28,-29,-35,-27,-33,-26,-36,-31,-35,-35,-35,-20,-17,-21,-34,-22,-46,-28,-33,-30,-25,-19,-21,-28,-19,-30,-20,-25,-32,-34,-22,-24,-13,-36,-30,-29,-25,-21,-28,-31,-25,-28,-29,-25,-31,-31,-31,-41,-16,-27,-32,-28,-42,-33,-28,-23,-29,-20,-27,-27,-32,-21,-28,-48,-27,-29,-21,-31,-30,-26,-29,-38,-35,-29,-30,-23,-36,-28,-24,-33,-37,-31,-23,-37,-23,-32,-22,-32,-40,-23,-26,-24,-25,-30,-19,-31,-34,-29,-25,-31,-20,-35,-38,-26,-28,-32,-27,-27,-26,-30,-31,-31,-35,-37,-31,-35,-28,-29,-24,-26,-30,-30,-21,-22,-31,-35,-36,-24,-33,-32,-23,-28,-11,-16,-28,-16,-36,-33,-25,-34,-23,-30,-27,-23,-35,-33,-36,-29,-16,-30,-24,-17,-30,-25,-29,-26,-26,-27,-30,-38,-31,-16,-24,-28,-26,-20,-20,-20,-34,-35,-23,-32,-26,-28,-36,-29,-20,-23,-31,-40,-24,-23,-41,-36,-25,-25,-34,-23,-21,-28,-29,-29,-30,-32,-35,-28,-32,-16,-36,-19,-23,-30,-19,-33,-21,-22,-32,-33,-22,-33,-15,-37,-34,-31,-15,-28,-30,-18,-29,-28,-22,-35,-31,-24,-21,-15,-23,-24,-33,-38,-29,-23,-22,-38,-21,-16,-23,-31,-28,-24,-25,-24,-37,-26,-22,-30,-19,-27,-20,-36,-26,-32,-36,-20,-32,-33,-25,-27,-28,-25,-38,-45,-31,-36,-33,-33,-36,-25,-19,-32,-27,-23,-27,-25,-23,-28,-25,-33,-23,-28,-32,-39,-25,-43,-34,-45,-26,-22,-21,-29,-21,-20,-31,-29,-25,-19,-29,-26,-34,-27,-32,-30,-28,-27,-24,-42,-26,-18,-25,-33,-26,-22,-33,-31,-17,-31,-33,-27,-24,-27,-33,-28,-24,-36,-24,-25,-30,-17,-28,-34,-20,-29,-25,-28,-36,-28,-32,-25,-17,-22,-31,-22,-34,-21,-21,-41,-34,-30,-25,-33,-36,-38,-32,-28,-26,-27,-34,-22,-27,-31,-20,-32,-27,-30,-15,-29,-31,-27,-29,-17,-20,-22,-24,-25,-23,-26,-21,-29,-23,-23,-24,-42,-26,-23,-34,-24,-38,-37,-28,-27,-26,-23,-30,-31,-35,-28,-25,-26,-31,-32,-29,-27,-21,-23,-31,-36,-32,-21,-25,-26,-32,-28,-26,-16,-31,-35,-28,-20,-26,-20,-15,-20,-22,-35,-26,-25,-25,-42,-25,-32,-27,-31,-16,-22,-27,-32,-37,-42,-35,-18,-37,-31,-20,-21,-32,-24,-29,-27,-34,-33,-29,-27,-27,-34,-21,-26,-33,-23,-21,-38,-25,-31,-33,-22,-36,-31,-21,-27,-26,-26,-27,-26,-26,-19,-28,-21,-37,-30,-17,-28,-28,-13,-26,-37,-20,-36,-30,-33,-35,-25,-25,-26,-25,-25,-34,-28,-29,-24,-34,-22,-30,-37,-32,-32,-22,-40,-16,-23,-24,-23,-31,-25,-41,-33,-27,-22,-19,-31,-30,-24,-24,-36,-30,-29,-37,-30,-38,-27,-23,-31,-22,-30,-18,-22,-23,-20,-20,-28,-26,-29,-39,-29,-27,-31,-42,-22,-24,-20,-30,-13,-23,-34,-22,-29,-25,-27,-26,-27,-23,-28,-34,-38,-32,-20,-37,-15,-28,-39,-36,-21,-22,-21,-19,-24,-25,-25,-37,-28,-25,-28,-35,-28,-31,-34,-29,-28,-20,-29,-29
-22,-28,-22,-31,-38,-27,-35,-29,-24,-30,-30,-31,-29,-24,-32,-30,-24,-20,-21,-23,-30,-29,-32,-26,-28,-22,-27,-30,-43,-23,-18,-27,-22,-29,-24,-27,-34,-29,-26,-28,-27,-18,-21,-27,-21,-26,-21,-32,-35,-27,-32,-33,-28,-24,-32,-28,-24,-20,-35,-30,-29,-25,-28,-18,-32,-27,-38,-29,-20,-22,-26,-27,-27,-29,-30,-21,-29,-31,-25,-28,-28,-30,-28,-14,-28,-18,-24,-26,-18,-28,-28,-25,-29,-23,-36,-26,-29,-29,-25,-39,-40,-26,-31,-33,-27,-34,-29,-24,-30,-27,-35,-22,-21,-36,-21,-28,-20,-31,-27,-34,-27,-32,-25,-32,-22,-40,-20,-31,-28,-33,-24,-21,-31,-29,-42,-34,-31,-25,-21,-38,-15,-31,-34,-33,-24,-18,-27,-48,-27,-25,-36,-30,-29,-19,-33,-26,-28,-26,-23,-34,-37,-26,-37,-27,-39,-31,-26,-27,-22,-21,-30,-35,-22,-30,-30,-27,-24,-27,-30,-27,-24,-38,-18,-23,-20,-27,-35,-22,-24,-23,-21,-39,-22,-26,-18,-14,-23,-35,-20,-26,-26,-27,-24,-22,-33,-29,-28,-24,-34,-24,-32,-24,-27,-30,-35,-33,-26,-43,-36,-29,-18,-23,-15,-32,-29,-22,-24,-22,-23,-31,-21,-52,-22,-39,-24,-44,-22,-35,-37,-39,-27,-29,-28,-27,-16,-37,-32,-18,-39,-30,-18,-20,-27,-23,-34,-25,-28,-14,-15,-37,-28,-16,-41,-30,-20,-29,-30,-34,-27,-35,-27,-34,-26,-24,-32,-26,-27,-32,-22,-31,-22,-31,-34,-23,-29,-31,-29,-24,-36,-22,-31,-30,-21,-18,-30,-27,-42,-32,-32,-18,-26,-30,-26,-28,-23,-27,-28,-23,-25,-14,-35,-25,-37,-34,-43,-34,-17,-30,-20,-27,-41,-34,-25,-13,-34,-32,-26,-24,-22,-30,-29,-23,-31,-23,-33,-31,-36,-30,-33,-24,-31,-26,-38,-27,-37,-33,-41,-29,-17,-47,-36,-27,-36,-21,-28,-31,-35,-33,-19,-30,-30,-18,-27,-23,-31,-19,-22,-15,-31,-27,-34,-16,-21,-36,-34,-29,-34,-32,-33,-17,-25,-27,-26,-28,-25,-38,-38,-33,-22,-29,-18,-33,-30,-23,-33,-26,-29,-24,-24,-24,-35,-37,-28,-23,-24,-31,-33,-21,-24,-26,-24,-36,-37,-31,-19,-40,-20,-28,-21,-29,-24,-31,-30,-21,-29,-29,-31,-25,-23,-24,-22,-26,-30,-15,-36,-22,-30,-23,-35,-31,-26,-31,-20,-31,-26,-34,-25,-18,-23,-27,-19,-27,-31,-22,-39,-22,-23,-17,-28,-36,-28,-36,-32,-26,-24,-27,-26,-25,-29,-24,-27,-36,-31,-32,-24,-31,-24,-14,-21,-28,-34,-36,-28,-42,-34,-28,-34,-31,-23,-21,-25,-22,-22,-31,-29,-25,-30,-31,-28,-29,-20,-25,-26,-28,-31,-24,-42,-32,-24,-14,-37,-22,-33,-29,-23,-29,-27,-35,-33,-21,-31,-24,-27,-25,-27,-28,-31,-21,-18,-30,-27,-27,-34,-18,-44,-29,-25,-38,-24,-31,-22,-32,-42,-25,-21,-29,-38,-25,-22,-37,-24,-32,-23,-26,-30,-25,-35,-18,-43,-21,-26,-25,-37,-34,-29,-31,-31,-34,-27,-26,-30,-23,-35,-30,-24,-27,-25,-32,-16,-32,-34,-25,-19,-19,-23,-30,-22,-16,-35,-30,-37,-31,-22,-26,-29,-27,-17,-38,-29,-39,-38,-19,-32,-19,-41,-24,-28,-34,-28,-17,-25,-28,-27,-31,-37,-23,-35,-34,-32,-35,-35,-30,-28,-23,-15,-27,-27,-15,-32,-24,-33,-32,-29,-13,-26,-33,-17,-18,-33,-27,-31,-12,-24,-17,-25,-19,-29,-34,-20,-28,-34,-36,-36,-21,-28,-33,-24,-34,-23,-30,-28,-35,-15,-35,-27,-32,-24,-31,-37,-26,-32,-29,-14,-21,-21,-31,-29,-25,-41,-30,-35,-33,-38,-27,-24,-28,-32,-36,-22,-28,-29,-19,-26,-34,-26,-21,-24,-23,-8,-30,-31,-33,-23,-29,-42,-26,-31,-30,-46,-26,-22,-25,-23,-25,-25,-21,-30,-34,-29,-40,-28,-31,-23,-26,-21,-25,-20,-28,-27,-26,-30,-32,-27,-22,-31,-28,-29,-39,-27,-30,-27,-30,-22,-26,-23,-22,-22,-37,-38,-26,-29,-21,-22,-20,-25,-20,-35,-31,-27,-27,-22,-21,-34,-35,-31,-16,-28,-29,-26,-29,-24,-20,-24,-35,-24,-32,-25,-27,-23,-31,-26,-30,-28,-30,-26,-26,-31,-41,-26,-36,-31,-34,-31,-40,-32,-39,-30,-28,-18,-31,-19,-30,-33,-24,-38,-20,-27,-29,-32,-28,-32,-35,-41,-31,-27,-32,-36,-23,-29,-24,-27,-30,-27,-23,-35,-22,-19,-28,-21,-31,-16,-34,-25,-27,-24,-30,-23,-25,-32,-34,-30,-28,-22,-25,-33,-24,-23,-29,-26,-34,-30,-25,-24,-30,-42,-26,-26,-18,-31,-29,-35,-26,-20,-27,-30,-34,-33,-30,-18,-25,-20,-27,-22,-10,-34,-28,-22,-32,-29,-25,-28,-31,-38,-23,-27,-28,-23,-21,-26,-26,-29,-27,-18,-30,-21,-40,-22,-27,-25,-27,-31,-33,-34,-31,-26,-30,-30,-27,-37,-27,-24,-26,-18,-25,-36,-26,-33,-18,-25,-27,-34,-36,-24,-39,-24,-25,-27,-28,-26,-36,-28,-28,-42,-16,-10,-25,-30,-45,-37,-39,-36,-19,-22,-24,-37,-21,-22,-26,-28,-30,-22,-23,-31,-31,-25,-22,-43,-27,-29,-26,-33,-29,-35,-20,-26,-32,-35,-35,-28,-42,-24,-17,-33,-22,-27,-32,-20,-11,-23,-33,-21,-28,-31,-35,-29,-19,-33,-31,-34,-26,-20,-36,-32,-30,-32,-27,-22,-24,-28,-34
-36,-28,-26,-24,-23,-27,-21,-29,-24,-22,-31,-33,-28,-29,-18,-26,-22,-24,-34,-24,-27,-33,-26,-33,-35,-26,-27,-33,-28,-44,-36,-25,-33,-27,-27,-31,-34,-20,-38,-28,-26,-27,-24,-34,-24,-28,-27,-22,-29,-28,-28,-29,-29,-20,-34,-30,-31,-23,-24,-37,-23,-30,-33,-29,-33,-25,-30,-34,-32,-23,-24,-28,-18,-23,-39,-33,-31,-32,-25,-32,-29,-36,-23,-28,-20,-35,-29,-23,-22,-35,-22,-20,-25,-36,-28,-28,-37,-30,-35,-28,-25,-34,-26,-27,-19,-26,-34,-31,-29,-28,-33,-27,-28,-25,-30,-27,-25,-26,-42,-25,-21,-32,-17,-30,-30,-21,-35,-24,-36,-29,-26,-21,-27,-12,-22,-39,-24,-24,-31,-34,-32,-34,-34,-39,-29,-30,-24,-31,-18,-31,-37,-39,-17,-33,-28,-46,-27,-22,-27,-31,-26,-32,-34,-29,-35,-30,-31,-24,-30,-36,-12,-28,-37,-30,-32,-36,-28,-19,-20,-33,-33,-20,-23,-23,-26,-20,-30,-34,-28,-34,-28,-26,-26,-25,-30,-28,-22,-36,-23,-36,-20,-34,-22,-19,-30,-21,-35,-37,-38,-34,-31,-27,-29,-35,-34,-23,-35,-22,-25,-23,-34,-24,-24,-31,-21,-33,-28,-35,-32,-27,-28,-27,-28,-13,-33,-21,-27,-44,-22,-18,-23,-41,-39,-28,-21,-30,-24,-28,-26,-23,-36,-27,-36,-35,-32,-28,-27,-27,-34,-29,-29,-24,-30,-23,-23,-34,-24,-19,-36,-33,-37,-14,-30,-39,-33,-32,-29,-26,-13,-35,-32,-29,-20,-24,-19,-26,-24,-25,-36,-23,-29,-34,-30,-34,-30,-20,-30,-25,-19,-39,-25,-18,-38,-29,-29,-26,-25,-38,-21,-34,-30,-15,-32,-36,-39,-37,-33,-36,-17,-34,-22,-25,-23,-23,-27,-36,-25,-25,-24,-33,-23,-17,-31,-28,-30,-21,-36,-37,-37,-35,-27,-41,-28,-37,-36,-21,-28,-34,-32,-26,-37,-28,-27,-26,-25,-40,-24,-23,-29,-16,-22,-32,-23,-27,-31,-23,-21,-42,-19,-20,-18,-34,-22,-25,-36,-20,-26,-32,-32,-25,-27,-30,-38,-32,-18,-28,-25,-24,-28,-30,-36,-31,-32,-37,-21,-28,-23,-26,-30,-32,-25,-25,-23,-16,-32,-26,-26,-25,-37,-31,-34,-17,-25,-24,-24,-17,-41,-32,-27,-37,-39,-37,-30,-25,-24,-28,-26,-33,-25,-22,-27,-21,-25,-30,-23,-23,-21,-24,-19,-18,-27,-30,-26,-35,-35,-30,-25,-33,-26,-25,-28,-26,-35,-39,-18,-32,-25,-29,-29,-25,-28,-13,-28,-16,-36,-22,-25,-30,-27,-34,-23,-23,-30,-18,-20,-31,-44,-24,-33,-31,-29,-44,-10,-23,-19,-27,-31,-24,-31,-32,-37,-18,-28,-29,-40,-26,-27,-30,-25,-22,-28,-22,-26,-31,-37,-26,-18,-32,-26,-34,-25,-28,-26,-25,-23,-23,-29,-29,-24,-27,-36,-21,-27,-33,-26,-39,-29,-37,-30,-19,-30,-29,-20,-19,-19,-24,-34,-23,-32,-26,-26,-15,-38,-34,-30,-21,-25,-21,-21,-28,-36,-26,-35,-33,-32,-38,-20,-30,-25,-40,-23,-31,-28,-21,-25,-25,-33,-31,-23,-32,-33,-25,-31,-26,-35,-40,-31,-32,-42,-24,-32,-33,-28,-21,-29,-26,-27,-34,-17,-38,-36,-39,-34,-25,-31,-23,-38,-25,-17,-30,-23,-29,-23,-30,-31,-28,-35,-36,-32,-39,-32,-39,-31,-18,-42,-35,-36,-25,-19,-37,-31,-33,-30,-29,-33,-30,-24,-28,-24,-17,-35,-34,-43,-19,-33,-27,-33,-28,-28,-30,-17,-25,-24,-30,-29,-34,-39,-25,-18,-28,-22,-23,-26,-28,-31,-18,-26,-19,-24,-31,-27,-26,-16,-37,-45,-26,-30,-21,-19,-24,-27,-38,-38,-22,-35,-33,-37,-19,-27,-32,-36,-28,-17,-23,-23,-29,-24,-27,-16,-34,-20,-23,-27,-45,-27,-24,-39,-22,-29,-36,-20,-18,-23,-33,-23,-26,-27,-22,-28,-39,-31,-43,-34,-19,-14,-36,-27,-23,-16,-32,-13,-27,-26,-32,-37,-12,-24,-26,-26,-32,-28,-24,-33,-26,-37,-32,-31,-23,-33,-16,-29,-41,-30,-19,-19,-31,-36,-20,-31,-25,-22,-23,-25,-27,-23,-29,-28,-28,-24,-21,-27,-29,-34,-26,-30,-35,-33,-34,-28,-31,-31,-29,-36,-25,-31,-43,-21,-15,-31,-29,-47,-36,-29,-21,-28,-21,-36,-29,-33,-32,-21,-27,-20,-23,-26,-31,-23,-29,-30,-23,-31,-26,-28,-24,-20,-22,-27,-28,-32,-27,-33,-31,-25,-23,-16,-32,-28,-17,-29,-39,-12,-25,-26,-31,-29,-36,-30,-36,-27,-43,-18,-26,-34,-32,-19,-27,-31,-36,-29,-30,-21,-33,-31,-26,-18,-34,-23,-16,-22,-20,-21,-33,-24,-24,-28,-23,-25,-30,-25,-31,-32,-30,-31,-24,-23,-31,-33,-18,-27,-20,-29,-39,-25,-30,-42,-35,-27,-34,-32,-33,-15,-24,-30,-25,-25,-27,-26,-39,-30,-25,-40,-22,-35,-25,-32,-26,-25,-20,-31,-28,-19,-33,-29,-26,-30,-24,-28,-22,-27,-26,-17,-28,-28,-21,-32,-24,-30,-25,-16,-26,-19,-35,-34,-32,-36,-31,-27,-34,-35,-20,-27,-35,-23,-23,-23,-34,-20,-28,-25,-20,-30,-32,-28,-18,-33,-30,-22,-28,-24,-33,-37,-29,-29,-27,-33,-37,-38,-35,-30,-33,-25,-40,-25,-27,-26,-25,-37,-25,-23,-20,-20,-21,-41,-19,-26,-46,-33,-29,-36,-31,-29,-27,-27,-29,-32,-32,-33,-30,-40,-26,-21,-30,-23,-26,-31,-36,-27,-21,-34,-28
-29,-34,-34,-28,-34,-20,-36,-27,-22,-36,-13,-29,-39,-28,-31,-23,-39,-30,-24,-26,-29,-28,-28,-23,-22,-27,-41,-30,-31,-19,-27,-30,-24,-29,-27,-23,-25,-27,-22,-30,-35,-23,-27,-31,-27,-22,-22,-18,-35,-28,-31,-19,-18,-17,-31,-33,-29,-21,-31,-36,-25,-29,-24,-25,-25,-35,-23,-25,-31,-36,-46,-25,-40,-24,-18,-26,-35,-24,-43,-18,-28,-27,-27,-31,-23,-26,-33,-25,-37,-30,-28,-26,-30,-27,-29,-28,-21,-36,-22,-24,-28,-32,-30,-33,-35,-18,-13,-19,-33,-24,-34,-27,-40,-29,-35,-31,-16,-13,-28,-35,-29,-36,-36,-29,-29,-23,-26,-28,-26,-30,-34,-32,-27,-21,-30,-37,-43,-36,-29,-23,-24,-37,-29,-22,-38,-30,-25,-23,-24,-17,-33,-25,-32,-30,-35,-27,-23,-29,-42,-22,-37,-37,-28,-37,-31,-28,-16,-35,-25,-29,-24,-27,-22,-30,-25,-22,-27,-23,-33,-25,-23,-26,-16,-16,-20,-33,-22,-32,-35,-29,-29,-29,-23,-22,-32,-22,-14,-29,-33,-32,-21,-32,-29,-32,-24,-27,-23,-22,-30,-31,-27,-23,-33,-21,-22,-35,-38,-27,-21,-16,-30,-22,-21,-33,-36,-17,-28,-30,-23,-24,-25,-32,-15,-32,-27,-38,-27,-24,-37,-19,-29,-26,-22,-24,-34,-22,-30,-30,-37,-31,-30,-32,-30,-22,-28,-28,-28,-26,-32,-35,-22,-26,-21,-36,-19,-32,-22,-19,-27,-31,-22,-30,-23,-22,-36,-29,-16,-30,-23,-27,-25,-28,-31,-26,-27,-20,-25,-30,-25,-27,-21,-20,-20,-35,-20,-28,-21,-36,-26,-35,-22,-41,-27,-22,-21,-20,-30,-33,-27,-37,-28,-28,-34,-15,-33,-41,-31,-33,-24,-36,-21,-32,-19,-29,-31,-27,-32,-24,-33,-30,-22,-27,-26,-27,-29,-36,-29,-33,-41,-28,-19,-24,-25,-22,-32,-30,-23,-16,-26,-32,-38,-39,-31,-34,-37,-25,-30,-21,-27,-32,-40,-37,-32,-28,-31,-31,-37,-22,-28,-24,-29,-19,-27,-21,-32,-34,-36,-27,-32,-37,-35,-26,-30,-37,-34,-34,-34,-25,-27,-27,-25,-27,-30,-24,-30,-28,-19,-42,-18,-17,-34,-27,-27,-15,-37,-30,-26,-22,-32,-31,-30,-23,-21,-22,-34,-20,-25,-27,-34,-24,-28,-32,-31,-34,-25,-31,-23,-37,-23,-22,-23,-31,-22,-29,-25,-36,-28,-26,-38,-19,-29,-32,-33,-35,-37,-35,-34,-24,-28,-23,-26,-30,-21,-23,-31,-27,-37,-33,-23,-35,-31,-28,-15,-26,-17,-33,-13,-23,-20,-28,-24,-42,-29,-29,-19,-28,-36,-30,-29,-25,-40,-34,-35,-22,-30,-39,-31,-24,-29,-34,-22,-23,-27,-35,-29,-30,-36,-33,-31,-23,-35,-26,-31,-30,-33,-30,-26,-25,-24,-30,-29,-23,-28,-23,-34,-26,-34,-25,-31,-27,-34,-19,-27,-26,-36,-32,-34,-22,-24,-22,-29,-25,-32,-39,-31,-26,-23,-24,-31,-25,-29,-20,-40,-19,-31,-28,-30,-24,-21,-28,-24,-31,-35,-28,-21,-31,-29,-26,-35,-41,-16,-34,-29,-36,-27,-25,-23,-37,-21,-23,-32,-29,-34,-25,-32,-32,-25,-41,-34,-27,-19,-38,-25,-26,-29,-20,-23,-25,-19,-34,-25,-25,-19,-17,-43,-27,-34,-25,-31,-27,-34,-29,-36,-32,-28,-31,-21,-34,-29,-30,-14,-32,-30,-33,-31,-21,-40,-33,-20,-31,-33,-23,-43,-30,-35,-23,-25,-24,-30,-21,-22,-27,-35,-23,-38,-24,-27,-23,-27,-11,-35,-19,-30,-15,-28,-25,-31,-25,-29,-22,-29,-22,-30,-27,-30,-30,-29,-23,-18,-26,-38,-36,-32,-37,-37,-34,-28,-23,-36,-32,-33,-28,-24,-26,-36,-16,-41,-49,-30,-32,-37,-29,-31,-29,-23,-23,-30,-32,-25,-23,-20,-27,-34,-28,-25,-26,-33,-29,-31,-29,-30,-29,-36,-38,-12,-33,-30,-26,-25,-25,-38,-32,-35,-36,-25,-24,-11,-28,-27,-35,-28,-28,-24,-25,-20,-31,-25,-34,-27,-27,-22,-24,-24,-21,-35,-26,-28,-34,-21,-34,-28,-33,-26,-11,-39,-24,-35,-27,-26,-20,-25,-20,-30,-32,-27,-29,-24,-32,-20,-19,-27,-37,-25,-32,-24,-39,-41,-43,-20,-35,-17,-29,-25,-24,-29,-33,-31,-24,-21,-29,-19,-38,-38,-14,-23,-33,-24,-35,-22,-28,-19,-39,-29,-33,-35,-33,-26,-28,-23,-27,-27,-26,-27,-32,-23,-26,-29,-18,-26,-21,-26,-34,-41,-19,-13,-27,-21,-32,-26,-34,-20,-31,-19,-34,-21,-20,-17,-35,-34,-31,-32,-28,-29,-27,-30,-27,-18,-29,-17,-18,-30,-30,-40,-34,-29,-13,-29,-38,-27,-23,-32,-27,-34,-30,-28,-24,-30,-22,-31,-38,-22,-21,-17,-33,-32,-35,-27,-30,-24,-26,-32,-33,-17,-29,-34,-36,-33,-39,-23,-27,-25,-35,-23,-22,-34,-36,-29,-29,-33,-32,-25,-24,-25,-28,-31,-41,-18,-25,-36,-33,-48,-20,-25,-27,-28,-25,-31,-31,-38,-33,-28,-35,-21,-27,-33,-30,-30,-18,-32,-19,-21,-39,-23,-27,-25,-18,-35,-26,-36,-27,-28,-25,-26,-30,-30,-37,-36,-28,-15,-27,-39,-21,-39,-29,-27,-21,-20,-20,-22,-33,-28,-28,-33,-28,-30,-27,-38,-27,-34,-25,-23,-27,-20,-27,-30,-33,-36,-19,-34,-29,-28,-37,-28,-28,-32,-28,-27,-18,-28,-40,-23,-19,-32,-32,-31,-18,-32,-23,-26,-33,-34,-27,-28,-23,-18,-25,-31,-37,-32,-26
